i_m_h_street_name,ta_street,result_name
0,440,0
,,no_match
אב,אב,אב
אבא ושרה נאמן,נאמן אבא ושרה,אבא ושרה נאמן
אבודרהם,אבודרהם,אבודרהם
אבולעפיה,אבולעפיה,אבולעפיה
אבוקה,אבוקה,אבוקה
אביאסף,אביאסף,אביאסף
אביגור שאול,אב,אביגור שאול
אביטל,אביטל,אביטל
אבינרי יצחק,אבינרי יצחק,אבינרי יצחק
אבן ג'נאח,אב,אבן ג'נאח
אבן גבירול,אבן גבירול,אבן גבירול
אבן סינא,אבן סינא,אבן סינא
אבן ספיר,אבן ספיר,אבן ספיר
אבן רשד,אבן רשד,אבן רשד
אבן שושן אברהם,אבן שושן אברהם,אבן שושן אברהם
אבנר,אבנר,אבנר
אברבנאל,אברבנאל,אברבנאל
אברך ישעיהו,אברך ישעיהו,אברך ישעיהו
אגדתי ברוך,אגדתי ברוך,אגדתי ברוך
"אד""ם הכהן","אד""ם הכהן","אד""ם הכהן"
אדירים,אדירים,אדירים
אדר,אדר,אדר
אהבת ציון,אהבת ציון,אהבת ציון
אהוד,אהוד,אהוד
אהלי יעקב,אהלי יעקב,אהלי יעקב
אהרון דוד גורדון,אהרון דוד גורדון,אהרון דוד גורדון
אהרונוביץ,אהרונוביץ,אהרונוביץ
אהרונסון,אהרונסון,אהרונסון
אוארבך,אוארבך,אוארבך
אוגרית,אוגרית,אוגרית
אוהב ישראל,אוהב ישראל,אוהב ישראל
אוז'שקובה,אוז'שקובה,אוז'שקובה
אוליפנט,אוליפנט,אוליפנט
אומץ,ו',אומץ
אונברסיטת תל אביב,"ל""א",אונברסיטת תל אביב
אונטרמן איסר יהוד,אונטרמן איסר יהודה,אונטרמן איסר יהוד
אוניברסיטת תל אבי,"ל""א",אוניברסיטת תל אבי
אונקלוס,אונקלוס,אונקלוס
אוסישקין,אוסישקין,אוסישקין
אופטושו יוסף,אופטושו יוסף,אופטושו יוסף
אופיר,אופיר,אופיר
אופנהיימר,אופנהיימר,אופנהיימר
אור החיים,אור החיים,אור החיים
אורי,אוריאל אקוסטה,אורי
אורי צבי גרינברג,גרינברג אורי צבי,אורי צבי גרינברג
אורים,אורים,אורים
אורלוב חנה,אורלוף חנה,אורלוב חנה
אושה,אושה,אושה
"אז""ר","אז""ר","אז""ר"
אזור תעשיה הירקון,הירקון,אזור תעשיה הירקון
אזורי חן,ו',אזורי חן
"אח""י דקר","אח""י דקר","אח""י דקר"
אחד העם,אחד העם,אחד העם
אחווה,אחווה,אחווה
אחוזת בית,אחוזת בית,אחוזת בית
אחילוף,אחילוף,אחילוף
אחימאיר אבא,אחימאיר אבא,אחימאיר אבא
אחימעץ,אחימעץ,אחימעץ
אחיעזר,אחיעזר,אחיעזר
אחרון יוסף,אחרון יוסף,אחרון יוסף
איגר עקיבא,איגר,איגר עקיבא
אידלסון אברהם,אב,אידלסון אברהם
אידלסון רחל ושמוא,אידלסון רחל ושמואל,אידלסון רחל ושמוא
אייבשיץ,אייבשיץ,אייבשיץ
איילת השחר,איילת השחר,איילת השחר
אייר,אייר,אייר
"איל""ן","איל""ן","איל""ן"
אילת,אילת,אילת
אימבר,אימבר,אימבר
אינשטיין,אינשטיין,אינשטיין
איסקוב נסים,איסקוב ניסים,איסקוב נסים
איסרליש,איסרליש,איסרליש
אירוס,אירוס,אירוס
איתיאל,איתיאל,איתיאל
אלבז נתן,אלבז נתן,אלבז נתן
אלביטר עבדאלראוף,,אלביטר עבדאלראוף
אלדד הדני,אלדד הדני,אלדד הדני
אלול,אלול,אלול
אלון יגאל,אלון יגאל,אלון יגאל
אלוף,אלוף,אלוף
אלוף בצלות,אלוף בצלות,אלוף בצלות
אלוף דן לנר,אלוף,אלוף דן לנר
אלוף מגן קלמן,מגן קלמן אלוף,אלוף מגן קלמן
אלוף מנדלר אברהם,מנדלר אלברט אברהם אלוף,אלוף מנדלר אברהם
אלחנן יצחק,אלחנן יצחק,אלחנן יצחק
אלחריזי,אלחריזי,אלחריזי
אלי כהן,כהן אלי,אלי כהן
אליהו מפירארה,אליהו מפרארה,אליהו מפירארה
אליעז רפאל,אליעז רפאל,אליעז רפאל
אליפלט,אליפלט,אליפלט
אליקום,אליקום,אליקום
אלישברג,אלישברג,אלישברג
אלישיב,אלישיב,אלישיב
אלכסנדר ינאי,אלכסנדר ינאי,אלכסנדר ינאי
אלמגור,אלמגור,אלמגור
אלנבי,אלנבי,אלנבי
אלעזר )רוקח(,אלעזר (רוקח),אלעזר )רוקח(
אלעזר בן עזריה,בן עזריה אלעזר,אלעזר בן עזריה
אלפסי,אלפסי יצחק,אלפסי
אלקלעי,אלקלעי,אלקלעי
אלרואי,אלרואי,אלרואי
אלשיך,אלשיך,אלשיך
אלתרמן נתן,אלתרמן נתן,אלתרמן נתן
אמזלג,אמזלג,אמזלג
אמיל זולה,פוירשטיין אמיל ד'ר,אמיל זולה
אמירים,אמירים,אמירים
אמסטרדם,אמסטרדם,אמסטרדם
אנדרסן,אנדרסן,אנדרסן
אנטוקולסקי,אנטוקולסקי,אנטוקולסקי
אנטיגונוס,אנטיגונוס,אנטיגונוס
אני מאמין,אני מאמין,אני מאמין
אנילביץ מרדכי,אנילביץ מרדכי,אנילביץ מרדכי
אנסקי,אנסקי,אנסקי
אסירי ציון,אסירי ציון,אסירי ציון
אסף הרופא,אסף הרופא,אסף הרופא
אסתר המלכה,אסתר המלכה,אסתר המלכה
"אפ""ק","אפ""ק","אפ""ק"
אפטר יעקב,אפטר יעקב,אפטר יעקב
אפלטון,אפלטון,אפלטון
אפקים,אפקים,אפקים
אפשטיין,אפשטיין יצחק,אפשטיין
"אצ""ל","אצ""ל","אצ""ל"
אקסלרוד נתן,אקסלרוד נתן,אקסלרוד נתן
ארבע ארצות,ארבע ארצות,ארבע ארצות
ארבר מנחם,ארבר מנחם,ארבר מנחם
ארזי יהודה,ארזי יהודה,ארזי יהודה
ארטר יצחק,ארטר יצחק,ארטר יצחק
אריאל,אריאל,אריאל
אריסטו,אריסטו,אריסטו
ארלוזורוב,ארלוזורוב,ארלוזורוב
ארליך,ארליך,ארליך
ארלנג'ר,ארלנג'ר,ארלנג'ר
ארם משה,ארם משה,ארם משה
ארנון,ארנון,ארנון
ארניה אסוולדו,ארניה אוסוולדו,ארניה אסוולדו
אש שלום,אש שלום,אש שלום
אשדוד,אשדוד,אשדוד
אשכול לוי,אשכול לוי,אשכול לוי
אשכנזי,אשכנזי ישראל,אשכנזי
אשקלון,אשקלון,אשקלון
אשרמן יוסף,אשרמן יוסף,אשרמן יוסף
אשתורי הפרחי,אשתורי הפרחי,אשתורי הפרחי
"ב""ק ישראל","ב""ק ישראל","ב""ק ישראל"
באכר זאב,באכר זאב,באכר זאב
באר טוביה,באר טוביה,באר טוביה
באר שבע,באר שבע,באר שבע
בארט,בארט אהרון,בארט
בארי,בארי,בארי
בבלי,בבלי,בבלי
בדולח,בדולח,בדולח
בובליק,בובליק,בובליק
בובר שלמה,בובר שלמה,בובר שלמה
בוגרשוב,בוגרשוב,בוגרשוב
בודנהיימר,בודנהיימר,בודנהיימר
בויאר אברהם,בויאר אברהם,בויאר אברהם
בוני העיר,בוני העיר,בוני העיר
בוסל,בוסל,בוסל
בוסתנאי,בוסתנאי,בוסתנאי
בועז,בועז,בועז
בוקי בן יגלי,בוקי בן יגלי,בוקי בן יגלי
בוקסנבאום יוסף,בוקסנבאום יוסף,בוקסנבאום יוסף
בורוכוב,בורוכוב,בורוכוב
בורלא יהודה,בורלא יהודה,בורלא יהודה
בורמה,בורמה,בורמה
בושם,בושם,בושם
בזל,בזל,בזל
בחור אליהו,בחור אליהו,בחור אליהו
ביאליק,ביאליק,ביאליק
ביירון,ביירון,ביירון
"ביל""ו","ביל""ו","ביל""ו"
בילטמור,בילטמור,בילטמור
בילינסון,בילינסון,בילינסון
בינט מאיר,בינט מאיר,בינט מאיר
בירנבוים,בירנבוים,בירנבוים
בירנית,בירנית,בירנית
בית אל,בית אל,בית אל
בית אלפא,בית אלפא,בית אלפא
בית אשל,בית אשל,בית אשל
בית גוברין,בית גוברין,בית גוברין
בית הלל,בית הלל,בית הלל
בית השואבה,בית השואבה,בית השואבה
בית חדש,בית חדש,בית חדש
בית יוסף,בית יוסף,בית יוסף
בית לחם,בית לחם,בית לחם
בית עובד,בית עובד,בית עובד
בית פלט,בית פלט,בית פלט
בית צורי אליהו,בית צורי אליהו,בית צורי אליהו
בית קציר,בית קציר,בית קציר
בית שמאי,בית שמאי,בית שמאי
בכורי ציון,בכורי ציון,בכורי ציון
בלוך דוד,בלוך דוד,בלוך דוד
בלום ליאון,בלום ליאון,בלום ליאון
בלפור,בלפור,בלפור
בלקינד,בלקינד,בלקינד
"בן אב""י איתמר","איתמר בן אב""י","בן אב""י איתמר"
בן אביגדור,בן אביגדור,בן אביגדור
בן אחיטוב,בן אחיטוב,בן אחיטוב
בן אשר,בן אשר,בן אשר
בן גמליאל,רבן גמליאל,בן גמליאל
בן הלל מרדכי,בן הלל מרדכי,בן הלל מרדכי
בן זאב,בן זאב,בן זאב
בן זבארה,בן זבארה,בן זבארה
בן חיים פאול,בן-חיים פאול,בן חיים פאול
בן חיל,בן חיל,בן חיל
בן יהודה,בן יהודה,בן יהודה
בן יוסף שלמה,בן יוסף שלמה,בן יוסף שלמה
בן ישי,בן ישי,בן ישי
בן סירא,בן סירא,בן סירא
בן סרוק,בן סרוק,בן סרוק
בן עזרא,בן עזרא,בן עזרא
בן עטר,בן עטר,בן עטר
בן עמי,בן עמי,בן עמי
בן שטח שמעון,שמעון בן שטח,בן שטח שמעון
בן שמן,בן שמן,בן שמן
בן שפרוט,בן שפרוט,בן שפרוט
בנבנישתי,בנבנישתי,בנבנישתי
בני אפרים,בני אפרים,בני אפרים
בני ברק,בני ברק,בני ברק
בני בתירא,בני בתירא,בני בתירא
בני דן,בני דן,בני דן
בני משה,בני משה,בני משה
בניהו,בניהו,בניהו
בנימין מטודלה,בנימין מטודלה,בנימין מטודלה
בנימיני אהרון,בנימיני אהרון,בנימיני אהרון
בעל הטורים,בעל הטורים,בעל הטורים
בעל העקידה,בעל העקידה,בעל העקידה
בעלי התוספות,בעלי התוספות,בעלי התוספות
בצלאל,בצלאל,בצלאל
בצרה,בצרה,בצרה
בצרון,בצרון,בצרון
בקר אהרון,בקר אהרון,בקר אהרון
בר אילן,בר אילן,בר אילן
בר גיורא,בר גיורא,בר גיורא
בר יוחאי,בר יוחאי,בר יוחאי
בר כוכבא,בר כוכבא,בר כוכבא
בראלי,בראלי,בראלי
ברגסון,ברגסון,ברגסון
ברגרנר אליזבת,ברגנר אליזבת,ברגרנר אליזבת
ברדיצ'בסקי,ברדיצ'בסקי,ברדיצ'בסקי
ברודצקי,ברודצקי,ברודצקי
ברוק צבי,ברוק,ברוק צבי
ברוריה,ברוריה,ברוריה
ברזאני משה,ברזאני משה,ברזאני משה
ברזיל,ברזיל,ברזיל
ברזילי,ברזילי,ברזילי
ברטונוב יהושע,ברטונוב יהושע,ברטונוב יהושע
בריג אמיל,בריג אמיל,בריג אמיל
בריינין ראובן,בריינין ראובן,בריינין ראובן
ברכיה,ברכיה,ברכיה
ברכיהו הנקדן,ברכיהו הנקדן,ברכיהו הנקדן
ברלין אליהו,ברלין אליהו,ברלין אליהו
ברנדיס,ברנדיס,ברנדיס
ברנט,ברנט,ברנט
ברנפלד שמעון,ברנפלד שמעון,ברנפלד שמעון
ברנר,ברנר,ברנר
ברנשטיין אדוארד,ברנשטיין אדוארד,ברנשטיין אדוארד
ברסקי יהודה לייב,ברסקי יהודה לייב הלוי,ברסקי יהודה לייב
ברק,ברק,ברק
ברקאי שמואל,ברקאי שמואל,ברקאי שמואל
ברקוביץ,ברקוביץ,ברקוביץ
ברש אשר,ברש אשר,ברש אשר
בת גלים,בת גלים,בת גלים
בת ים,בת ים,בת ים
בת יפתח,בת יפתח,בת יפתח
בת מרים יוכבד,בת מרים יוכבד,בת מרים יוכבד
בת עין,בת עין,בת עין
בת עמי,בת עמי,בת עמי
בת ציון,בת ציון,בת ציון
גאולה,גאולה,גאולה
גבולות,גבולות,גבולות
גבירטיג מרדכי,גבירטיג מרדכי,גבירטיג מרדכי
גבעולים,גבעולים,גבעולים
גבעון,גבעון,גבעון
גבעת המורה,גבעת המורה,גבעת המורה
גבעת הרצל,הרצל,גבעת הרצל
גבעת התחמושת,גבעת התחמושת,גבעת התחמושת
"גבעת כ""ח","גבעת כ""ח","גבעת כ""ח"
גבעתי,גבעתי,גבעתי
גדיש,גדיש,גדיש
גדעון,גדעון,גדעון
גדרה,גדרה,גדרה
גואל,גואל,גואל
גובר רבקה,גובר רבקה,גובר רבקה
גוז'קוב,גוז'יקוב,גוז'קוב
גוטליב,גוטליב,גוטליב
גוטמן נחום,גוטמן נחום,גוטמן נחום
גולדברג,גולדברג,גולדברג
גולדמן נחום,גולדמן נחום,גולדמן נחום
גולדפאדן,גולדפאדן,גולדפאדן
גולומב,גולומב,גולומב
גולינקין מרדכי,גולינקין מרדכי,גולינקין מרדכי
גור יהודה,גור יהודה,גור יהודה
גורדון י ל,ורד,גורדון י ל
גורי ישראל,גורי ישראל,גורי ישראל
גורקי,גורקי,גורקי
גוש 6992,ו',גוש 6992
גוש עציון,גוש עציון,גוש עציון
גזר,גזר,גזר
גייגר,גייגר,גייגר
גינוסר,גינוסר,גינוסר
גינצבורג,גינצבורג,גינצבורג
גיתית,גיתית,גיתית
גלוסקא זכריה,גלוסקא זכריה,גלוסקא זכריה
גלוסקין,גלוסקין,גלוסקין
גלילי ישראל,גלילי ישראל,גלילי ישראל
גליצנשטין,גליצנשטיין,גליצנשטין
גליקסברג,גליקסברג,גליקסברג
גליקסון,גליקסון,גליקסון
גלעינית,גלעינית,גלעינית
גני יהושע,הושע,גני יהושע
גני צהלה,י',גני צהלה
גנסין,גנסין,גנסין
געש,געש,געש
גר צדק,גר צדק,גר צדק
גרוזנברג,גרוזנברג,גרוזנברג
גרונימן,גרונימן,גרונימן
גרונר דב,גרונר דב,גרונר דב
גרוסמן חייקה,גרוסמן חייקה,גרוסמן חייקה
גרוסמן מאיר,גרוסמן מאיר,גרוסמן מאיר
גריזים,גריזים,גריזים
גרינבוים,גרינבוים,גרינבוים
גרץ,גרץ,גרץ
גת רימון,גת רימון,גת רימון
דאנטה,דאנטה,דאנטה
דב ממזריץ,דב ממזריץ,דב ממזריץ
דבורה,דבורה הנביאה,דבורה
דבורה הנביאה,דבורה הנביאה,דבורה הנביאה
דגניה,דגניה,דגניה
דה האז,דה האז,דה האז
דה וינצ'י לאונרדו,דה וינצ'י לאונרדו,דה וינצ'י לאונרדו
דה מודינה אריה,דה מודינה אריה,דה מודינה אריה
דה פיג'וטו,דה פיג'וטו,דה פיג'וטו
דובנוב,דובנוב,דובנוב
דוד הראובני,הראובני דוד,דוד הראובני
דודאים,דודאים,דודאים
דוחן,דוחן,דוחן
דוידקה,דוידקה,דוידקה
דוליצקי,דוליצקי,דוליצקי
דולצ'ין אריה,דולצ'ין  אריה,דולצ'ין אריה
דונולו הרופא,דונולו הרופא,דונולו הרופא
דורון,דורון,דורון
די רוסי,די רוסי,די רוסי
דיזנגוף,דיזנגוף,דיזנגוף
דיזנגוף סנטר,דיזנגוף,דיזנגוף סנטר
דילה רינה יוסף,דילה רינה יוסף,דילה רינה יוסף
דיסנצ'יק אריה,דיסנצ'יק אריה,דיסנצ'יק אריה
דיק,דיק,דיק
דליה רביקוביץ,רביקוביץ' דליה,דליה רביקוביץ
דם המכבים,דם המכבים,דם המכבים
דניאל,דניאל,דניאל
דעואל,דעואל,דעואל
דפנה,דפנה,דפנה
דקל,דקל,דקל
דרויאנוב,דרויאנוב,דרויאנוב
דרור,דרור,דרור
דרזנר יחיאל,דרזנר יחיאל,דרזנר יחיאל
דריוס מיו,מיו דריוס,דריוס מיו
דריפוס,דריפוס,דריפוס
דרך אליאב לובה,אב,דרך אליאב לובה
דרך בגין,ד',דרך בגין
דרך בן צבי,בן צבי,דרך בן צבי
דרך בר-לב חיים,בר-לב חיים,דרך בר-לב חיים
דרך דיין משה,דיין משה,דרך דיין משה
דרך הגבורה,הגבורה,דרך הגבורה
דרך ההגנה,ההגנה,דרך ההגנה
דרך הטייסים,הטייסים,דרך הטייסים
דרך השלום,דרך השלום,דרך השלום
דרך יגאל ידין,ידין יגאל,דרך יגאל ידין
דרך יפו,יפו,דרך יפו
דרך נמיר מרדכי,נמיר מרדכי,דרך נמיר מרדכי
דרך שלמה,שלמה,דרך שלמה
דשבסקי,דשבסקי,דשבסקי
הא באייר,הא באייר,הא באייר
האגוז,האגוז,האגוז
האגמון,האגמון,האגמון
האוזנר דב,האוזנר דב,האוזנר דב
האומנים,האומנים,האומנים
האחים מסלאויטה,האחים מסלאויטה,האחים מסלאויטה
האלקושי,האלקושי,האלקושי
האמוראים,האמוראים,האמוראים
האסיף,האסיף,האסיף
האקליפטוס,האקליפטוס,האקליפטוס
"האר""י","האר""י","האר""י"
הארבעה,הארבעה,הארבעה
הארד,הארד,הארד
האשכולית,האשכולית,האשכולית
האתרוג,האתרוג,האתרוג
הברון הירש,הברון הירש,הברון הירש
הברוש,הברוש,הברוש
הברזל,הברזל,הברזל
הבשן,הבשן,הבשן
הגבור האלמוני,הגבור האלמוני,הגבור האלמוני
הגבורים,ו',הגבורים
הגדוד העברי,הגדוד העברי,הגדוד העברי
הגולן,הגולן,הגולן
הגיחון,הגיחון,הגיחון
הגייסות,הגייסות,הגייסות
הגלבוע,הגלבוע,הגלבוע
הגליל,הגליל,הגליל
הגלעד,הגלעד,הגלעד
הגמנסיה העברית,הגמנסיה העברית,הגמנסיה העברית
הגפן,הגפן,הגפן
"הגר""א","הגר""א","הגר""א"
הדגה,הדגה,הדגה
הדואר,הדואר,הדואר
הדולפין,הדולפין,הדולפין
הדסה,הדסה,הדסה
הדף היומי,הדף היומי,הדף היומי
הדר יוסף,הדר יוסף,הדר יוסף
ההגה,ההגה,ההגה
ההדס,ההדס,ההדס
הוברמן,הוברמן,הוברמן
הודיה,הודיה,הודיה
הוז דב,הוז דב,הוז דב
הולצברג שמחה,הולצברג שמחה,הולצברג שמחה
הונא,הונא,הונא
הופיין,הופיין,הופיין
הורודצקי,הורודצקי,הורודצקי
הושע,הושע,הושע
הזוהר,הזוהר,הזוהר
הזז חיים,הזז חיים,הזז חיים
הזית,הזית,הזית
הזמיר,הזמיר,הזמיר
הזרם,הזרם,הזרם
החבצלת,החבצלת,החבצלת
החטה,ט',החטה
החלוצים,החלוצים,החלוצים
החצב,החצב,החצב
החצוצרה,החצוצרה,החצוצרה
החרוב,החרוב,החרוב
החרמון,החרמון,החרמון
החרמש,החרמש,החרמש
החרש,החרש,החרש
החשמונאים,החשמונאים,החשמונאים
החשמל,החשמל,החשמל
הטית זין,הטית זין,הטית זין
היהודי זיס,היהודי זיס,היהודי זיס
היינה,היינה היינריך,היינה
הילדסהיימר,הילדסהיימר,הילדסהיימר
היסוד,היסוד,היסוד
היסמין,היסמין,היסמין
הירדן,הירדן,הירדן
הירקון,הירקון,הירקון
הירשביין,הירשביין,הירשביין
הירשנברג,הירשנברג,הירשנברג
היתד,היתד,היתד
הכובשים,הכובשים,הכובשים
הכוזרי,הכוזרי,הכוזרי
הכינור,הכינור,הכינור
הכישור,הכישור,הכישור
הכנסת הגדולה,הכנסת הגדולה,הכנסת הגדולה
הכרם,הכרם,הכרם
הכרמל,הכרמל,הכרמל
הלוחמים,הלוחמים,הלוחמים
הלוטוס,הלוטוס,הלוטוס
הלל הזקן,הלל הזקן,הלל הזקן
הלסינקי,הלסינקי,הלסינקי
הלפרין,הלפרין,הלפרין
המאבק,המאבק,המאבק
המגדלור,המגדלור,המגדלור
המגיד,המגיד,המגיד
המגיד מדובנא,המגיד מדובנא,המגיד מדובנא
המחוגה,המחוגה,המחוגה
המכבי,המכבי,המכבי
המכבש,המכבש,המכבש
המלאכה,המלאכה,המלאכה
המלחים,המלחים,המלחים
המליץ,המליץ,המליץ
המלך ג'ורג',המלך ג'ורג',המלך ג'ורג'
המלך חירם,המלך חירם,המלך חירם
המנוע,המנוע,המנוע
המנור,המנור,המנור
המסגר,המסגר,המסגר
המערכה,המערכה,המערכה
המפעל,המפעל,המפעל
המצביאים,המצביאים,המצביאים
המצודה,ד',המצודה
המקצוע,המקצוע,המקצוע
המרד,המרד,המרד
המרפא,המרפא,המרפא
המרץ,המרץ,המרץ
המשביר,המשביר,המשביר
המשלטים,המשלטים,המשלטים
המשמר האזרחי,המשמר האזרחי,המשמר האזרחי
המשתלה,,המשתלה
המתנדב,המתנדב,המתנדב
הנביאים,הנביאים,הנביאים
הנגב,הנגב,הנגב
הנגרים,הנגרים,הנגרים
הנוטר,הנוטר,הנוטר
הנחושת,הנחושת,הנחושת
"הנצי""ב","הנצי""ב","הנצי""ב"
הנשיאים,הנשיאים,הנשיאים
הס משה,הס,הס משה
הסבא משפולה,הסבא משפולה,הסבא משפולה
הסבוראים,הסבוראים,הסבוראים
הסדנה,הסדנה,הסדנה
הסוללים,הסוללים,הסוללים
הסיירים,הסיירים,הסיירים
הסנה,הסנה,הסנה
הספינה,הספינה,הספינה
העבודה,העבודה,העבודה
העוגן,העוגן,העוגן
העליה,העליה,העליה
העליה השניה,העליה השניה,העליה השניה
העמל,העמל,העמל
הערבה,ב',הערבה
הערמון,הערמון,הערמון
הפורצים,הפורצים,הפורצים
הפטיש,הפטיש,הפטיש
הפטמן,הפטמן,הפטמן
הפלך,הפלך,הפלך
"הפלמ""ח","הפלמ""ח","הפלמ""ח"
הפרדס,הפרדס,הפרדס
הפרסה,הפרסה,הפרסה
הצבי,הצבי,הצבי
הצדף,הצדף,הצדף
הצורפים,הצורפים,הצורפים
הצנחנים,הצנחנים,הצנחנים
הצפירה,הצפירה,הצפירה
הצרי,הצרי,הצרי
הקברניט,הקברניט,הקברניט
הקונגרס,הקונגרס,הקונגרס
הקישון,ו',הקישון
הקליר,הקליר,הקליר
הקלעים,הקלעים,הקלעים
הקנאים,הקנאים,הקנאים
הקריה,י',הקריה
הקשת,הקשת,הקשת
הר נבו,הר נבו,הר נבו
הר סיני,הר סיני,הר סיני
"הראב""ע","הראב""ע","הראב""ע"
הראל,הראל,הראל
הרב אלנקווה,הרב קוק,הרב אלנקווה
הרב גביזון חי,גביזון חי,הרב גביזון חי
הרב גורן שלמה,הרב גורן שלמה,הרב גורן שלמה
הרב הלר חיים,הלר חיים,הרב הלר חיים
הרב הרצוג,הרצוג,הרב הרצוג
הרב טולידנו,הרב טולדנו,הרב טולידנו
הרב ניסים,הרב ניסים,הרב ניסים
הרב עוזיאל,עוזיאל,הרב עוזיאל
הרב פרידמן,פרידמן דוד הרב,הרב פרידמן
הרב פרנקל,פרידמן דוד הרב,הרב פרנקל
הרב צוברי יוסף,צוברי יוסף הרב,הרב צוברי יוסף
הרב צירלסון,צירלסון,הרב צירלסון
הרב קוק,הרב קוק,הרב קוק
הרב רייפמן,רייפמן,הרב רייפמן
הרבי מבכרך,הרבי מבכרך,הרבי מבכרך
הרבי מפשיסחא,הרבי מפשיסחא,הרבי מפשיסחא
הרדוף,הרדוף,הרדוף
הרוגי מלכות,הרוגי מלכות,הרוגי מלכות
הרותם,הרותם,הרותם
הרטוב,הרטוב,הרטוב
הרכב,הרכב,הרכב
הרכבי אברהם,הרכבי אברהם,הרכבי אברהם
הרכבת,הרכבת,הרכבת
הרכש,הרכש,הרכש
הרן,הרן,הרן
הרצל,הרצל,הרצל
הרצפלד אברהם,הרצפלד אברהם,הרצפלד אברהם
הררי,הררי,הררי
"הש""ך","הש""ך","הש""ך"
השומר,השומר,השומר
השומרון,השומרון,השומרון
השופטים,השופטים,השופטים
השופר,השופר,השופר
השוק,השוק,השוק
השוק סמ,השוק,השוק סמ
השחקנים,השחקנים,השחקנים
השחר,השחר,השחר
השיבולת,השיבולת,השיבולת
השיטה,השיטה,השיטה
השיירות,השיירות,השיירות
השילוח,השילוח,השילוח
השכל,השכל,השכל
"השל""ה","השל""ה","השל""ה"
השלושה,השלושה,השלושה
השעורה,השעורה,השעורה
השפלה,השפלה,השפלה
השקמה,השקמה,השקמה
השרון,השרון,השרון
התבור,התבור,התבור
התורן,התורן,התורן
התחיה,התחיה,התחיה
התחנה המרכזית הח,,התחנה המרכזית הח
התיבונים,התיבונים,התיבונים
התלמי יהושע,התלמי יהושע,התלמי יהושע
התמר,התמר,התמר
התנאים,התנאים,התנאים
התנופה,התנופה,התנופה
התניא,התניא,התניא
התערוכה,התערוכה,התערוכה
התעשיה,התעשיה,התעשיה
התקוה,התקוה,התקוה
התקומה,התקומה,התקומה
התשעים ושלוש,התשעים ושלוש,התשעים ושלוש
ווג'ווד,ווג'ווד,ווג'ווד
וולמן יהודה,וולמן יהודה,וולמן יהודה
וולפסון,וולפסון,וולפסון
וורמיזה,וורמיזה,וורמיזה
ויזל,ויזל,ויזל
ויטל חיים,ויטל חיים,ויטל חיים
ויטלה מאוריציו,מאוריציו ויטלה,ויטלה מאוריציו
וייז ג'ורג',"וייז ג'ורג' ד""ר",וייז ג'ורג'
ויינר זאב,ויינר זאב,ויינר זאב
ויינשל,ויינשל,ויינשל
וייס אייזיק הירש,וייס איזיק הירש,וייס אייזיק הירש
וייס יעקב,וייס יעקב,וייס יעקב
וילון,וילון,וילון
וילנא,וילנא,וילנא
וילנסקי משה,וילנסקי משה,וילנסקי משה
וילסון,וילסון,וילסון
וינגייט,וינגייט,וינגייט
ויסבורג חיים,ויסבורג חיים,ויסבורג חיים
ויסוצקי,ויסוצקי,ויסוצקי
ויצמן,ויצמן,ויצמן
ויקטור הוגו,ויקטור הוגו,ויקטור הוגו
ויקי שירן,"שירן ויקי ד""ר",ויקי שירן
ויתקין,ויתקין,ויתקין
וכטנגוב,וכטנגוב,וכטנגוב
ולנברג ראול,ולנברג ראול,ולנברג ראול
ולנסיה,ולנסיה,ולנסיה
וסרמן יעקב,וסרמן יעקב,וסרמן יעקב
ועידת קטוביץ,ועידת קטוביץ,ועידת קטוביץ
ורבורג,ורבורג,ורבורג
ורד,ורד,ורד
ורדיאל,ורדיאל,ורדיאל
ורשבסקי,ורשבסקי,ורשבסקי
ותיק,ותיק,ותיק
ז'בוטינסקי,ז'בוטינסקי,ז'בוטינסקי
ז'ורס ז'אן,ז'ורס ז'אן,ז'ורס ז'אן
זאב,זאב,זאב
זאבי רחבעם גנדי,זאבי רחבעם (גנדי),זאבי רחבעם גנדי
זבד,זבד,זבד
זבולון,זבולון,זבולון
זולצר,זולצר,זולצר
זיגלבוים,זיגלבוים,זיגלבוים
זיו רבקה,זיו רבקה,זיו רבקה
זייד אלכסנדר,זייד אלכסנדר,זייד אלכסנדר
זימן,זימן יוסף,זימן
זכות משה,זכות משה,זכות משה
זכרון יעקב,זכרון יעקב,זכרון יעקב
זכרון קדושים,זכרון קדושים,זכרון קדושים
זכריה,זכריה,זכריה
זלוציסטי,זלוציסטי,זלוציסטי
זלטופולסקי,זלטופולסקי הלל,זלטופולסקי
זמיר עמנואל,זמיר עמנואל,זמיר עמנואל
זמנהוף,זמנהוף,זמנהוף
זנגביל,זנגביל,זנגביל
"זק""ש נלי","זק""ש נלי","זק""ש נלי"
זרובבל,זרובבל,זרובבל
זרח,זרח,זרח
זריצקי יוסף,זריצקי,זריצקי יוסף
חביב אבשלום,חביב אבשלום,חביב אבשלום
חבקוק,חבקוק,חבקוק
חבר הלאומים,חבר הלאומים,חבר הלאומים
חברה חדשה,חברה חדשה,חברה חדשה
חברון,חברון,חברון
"חברת ש""ס","חברת ש""ס","חברת ש""ס"
חבשוש חיים,חבשוש חיים,חבשוש חיים
חגי,חגי,חגי
חדרה,חדרה,חדרה
חובבי ציון,חובבי ציון,חובבי ציון
חובות הלבבות,חובות הלבבות,חובות הלבבות
חומה ומגדל,חומה ומגדל,חומה ומגדל
חוף גורדון,ורד,חוף גורדון
חזן יעקב,חזן יעקב,חזן יעקב
חזנוביץ,חזנוביץ,חזנוביץ
חזק,חזק,חזק
חזקיהו המלך,חזקיהו המלך,חזקיהו המלך
"חידושי הרי""ם","חידושי הרי""ם","חידושי הרי""ם"
חיוג יהודה,חיוג יהודה,חיוג יהודה
חיות פרץ,חיות פרץ,חיות פרץ
חיי אדם,חיי אדם,חיי אדם
חייבי משה,חייבי משה,חייבי משה
חיים ואלישע,חיים ואלישע,חיים ואלישע
חיל השריון,חיל השריון,חיל השריון
חיל משמר,חיל המשמר,חיל משמר
חיננית,חיננית,חיננית
חיסין,חיסין,חיסין
חירותנו,חירותנו,חירותנו
חכים אליהו,חכים אליהו,חכים אליהו
חכמי אתונה,חכמי אתונה,חכמי אתונה
חכמי דוד,חכמי דוד,חכמי דוד
חכמי לובלין,חכמי לובלין,חכמי לובלין
חכמי קירואן,חכמי קירואן,חכמי קירואן
חלמית,חלמית,חלמית
חנוך,חנוך,חנוך
חנינא בן דוסא,חנינא בן דוסא,חנינא בן דוסא
חנניה,י',חנניה
חנקין,חנקין,חנקין
חסידי האומות,חסידי האומות,חסידי האומות
חפץ חיים,חפץ חיים,חפץ חיים
חפר,חפר,חפר
חצור,חצור,חצור
חצרים,חצרים,חצרים
חרוץ,חרוץ,חרוץ
חריף אייזיק,חריף אייזיק,חריף אייזיק
חשון,חשון,חשון
"חת""ם סופר","חת""ם סופר","חת""ם סופר"
טאגור רבינדרנארט,טאגור,טאגור רבינדרנארט
טביוב,טביוב,טביוב
טבנקין יצחק,טבנקין יצחק,טבנקין יצחק
טבריה,טבריה,טבריה
טברסקי,טברסקי,טברסקי
טהון יהושע,טהון יהושע,טהון יהושע
טוביה הרופא,טוביה הרופא,טוביה הרופא
טולוז,טולוז,טולוז
טולקובסקי,טולקובסקי,טולקובסקי
טוסקניני,טוסקניני,טוסקניני
טור מלכא,טור מלכא,טור מלכא
טורי זהב,טורי זהב,טורי זהב
טורקוב זיגמונד,טורקוב זיגמונד,טורקוב זיגמונד
טיומקין,טיומקין,טיומקין
טירת צבי,טירת צבי,טירת צבי
טלמון,טלמון,טלמון
טרומפלדור,טרומפלדור,טרומפלדור
טריטש,טריטש,טריטש
טרפון,טרפון,טרפון
טשרנא,טשרנא,טשרנא
טשרניחובסקי,טשרניחובסקי,טשרניחובסקי
יאיר,יאיר,יאיר
יבנה,יבנה,יבנה
יגור,יגור,יגור
יגיע כפיים,יגיע כפיים,יגיע כפיים
יד המעביר,יד המעביר,יד המעביר
יד חרוצים,יד חרוצים,יד חרוצים
ידעיה הפניני,ידעיה הפניני,ידעיה הפניני
יהואש,יהואש,יהואש
יהודה הימית,יהודה הימית,יהודה הימית
יהודה הלוי,יהודה הלוי,יהודה הלוי
יהודה המכבי,יהודה המכבי,יהודה המכבי
יהודה הנשיא,יהודה הנשיא,יהודה הנשיא
יהודה מרגוזה,יהודה מרגוזה,יהודה מרגוזה
יהונתן,יהונתן,יהונתן
יהושע בן נון,יהושע בן נון,יהושע בן נון
יואב,יואב,יואב
יואל הנביא,יואל,יואל הנביא
יודפת,יודפת,יודפת
יוחנן בן זכאי,יוחנן בן זכאי,יוחנן בן זכאי
יוחנן הורקנוס,יוחנן הורקנוס,יוחנן הורקנוס
יוחנן הסנדלר,יוחנן הסנדלר,יוחנן הסנדלר
יום טוב,יום טוב,יום טוב
יון מצולה,יון מצולה,יון מצולה
יונה הנביא,יונה הנביא,יונה הנביא
יוניצ'מן,יוניצ'מן,יוניצ'מן
יונתן הופסי,יונתן הופסי,יונתן הופסי
יוסף אליהו,יוסף אליהו,יוסף אליהו
יוסף הנשיא,יוסף הנשיא,יוסף הנשיא
יועזר איש הבירה,יועזר איש הבירה,יועזר איש הבירה
יורה,יורה,יורה
יורם,יורם,יורם
יזהר,יזהר,יזהר
יחזקאל,יחזקאל,יחזקאל
יחיעם,יחיעם,יחיעם
יטבת,יטבת,יטבת
ילין דוד,ילין דוד,ילין דוד
ילין מור נתן,ילין מור נתן,ילין מור נתן
ילקוט הרועים,ילקוט הרועים,ילקוט הרועים
ים סוף,ים סוף,ים סוף
ימין,ימין,ימין
ינון,ינון,ינון
יסוד המעלה,יסוד המעלה,יסוד המעלה
"יעב""ץ","יעב""ץ","יעב""ץ"
יעל,יעל,יעל
יעקב שבתאי,שבתאי יעקב,יעקב שבתאי
יערי מאיר,יערי מאיר,יערי מאיר
יפה בצלאל,יפה בצלאל,יפה בצלאל
יפה נוף,יפה נוף,יפה נוף
יפו העתיקה,יפו,יפו העתיקה
יפעת,יפעת,יפעת
יפרח,יפרח,יפרח
יפת,יפת,יפת
יפתח,יפתח,יפתח
יצחק שדה,שדה יצחק,יצחק שדה
יציאת אירופה,יציאת אירופה,יציאת אירופה
יקותיאל,יקותיאל,יקותיאל
יקנעם,יקנעם,יקנעם
ירבלום מרק,ירבלום מרק,ירבלום מרק
ירושלמי,ירושלמי,ירושלמי
ירמיהו,ירמיהו הנביא,ירמיהו
ישורון,ישורון,ישורון
ישכון,ישכון,ישכון
ישעיהו,ישעיהו,ישעיהו
ישראל מסלנט,ישראל מסלנט,ישראל מסלנט
ישראליס,ישראליס,ישראליס
"כ""ג יורדי הסירה","כ""ג יורדי הסירה","כ""ג יורדי הסירה"
"כ""ץ יעקב יוסף","כ""ץ יעקב יוסף","כ""ץ יעקב יוסף"
כביר,כביר,כביר
כהן הרמן,כהן הרמן,כהן הרמן
כהנשטם,כהנשטם,כהנשטם
כוכבי יצחק,כוכבי יצחק,כוכבי יצחק
כורזים,כורזים,כורזים
כורש,כורש,כורש
ככר אנה פרנק,"כ""ה",ככר אנה פרנק
ככר דיזנגוף,דיזנגוף,ככר דיזנגוף
ככר הבימה,הבימה,ככר הבימה
ככר היל,היל,ככר היל
ככר המדינה,המדינה,ככר המדינה
ככר המושבות,המושבות,ככר המושבות
ככר הסוכנות,הס,ככר הסוכנות
ככר וולך יונה,וולך יונה,ככר וולך יונה
ככר יצחק רבין,רבין יצחק,ככר יצחק רבין
ככר נמיר,י',ככר נמיר
ככר פלומר,פלומר,ככר פלומר
ככר קדומים,קדומים,ככר קדומים
ככר שטרן מרדכי,שטרן מרדכי,ככר שטרן מרדכי
כל ישראל חברים,כל ישראל חברים,כל ישראל חברים
כנפי נשרים,כנפי נשרים,כנפי נשרים
כסלו,כסלו,כסלו
כפר גלעדי,כפר גלעדי,כפר גלעדי
כפר יונה,כפר יונה,כפר יונה
כפר שלם,כ',כפר שלם
כצנלסון בת שבע,כצנלסון בת-שבע,כצנלסון בת שבע
כרם התימנים,כרם התימנים,כרם התימנים
כרם חמד,כרם חמד,כרם חמד
כרמי,כרמי,כרמי
כרמיה,כרמיה,כרמיה
כרמלית,כרמלית,כרמלית
לאה,לאה גולדברג,לאה
לאן א,לאן א',לאן א
לב אברהם,לב אברהם,לב אברהם
לבון פנחס,לבון פנחס,לבון פנחס
לבונטין,לבונטין,לבונטין
לבלוב,לבלוב,לבלוב
לבנדה,לבנדה,לבנדה
לבנדובסקי,לבנדובסקי אליעזר,לבנדובסקי
לבנון חיים,לבנון חיים,לבנון חיים
לבני איתן,לבני איתן,לבני איתן
לה גארדיה,לה גוארדיה,לה גארדיה
לואי מרשל,מרשל לואי,לואי מרשל
לובטקין צביה,לובטקין צביה,לובטקין צביה
לודויפול,לודויפול,לודויפול
לוחמי גליפולי,לוחמי גליפולי,לוחמי גליפולי
לוי יוסף,ו',לוי יוסף
לוי יצחק,לוי יצחק,לוי יצחק
לויטה,לויטה,לויטה
לויטן יצחק,לויטן יצחק,לויטן יצחק
לוין קיפניס,קיפניס לוין,לוין קיפניס
לוינסקי,לוינסקי,לוינסקי
לונץ,לונץ,לונץ
לוריא,לוריא,לוריא
"לח""י","לח""י","לח""י"
לחובר,לחובר,לחובר
ליב בן שרה,ליב בן שרה,ליב בן שרה
ליבנה אליעזר,ליבנה אליעזר,ליבנה אליעזר
ליברמן,ליברמן,ליברמן
ליוויק,ליוויק,ליוויק
לילינבלום,לילינבלום,לילינבלום
לינקולן,לינקולן,לינקולן
ליסין,ליסין,ליסין
ליפסקי לואי,ליפסקי לואי,ליפסקי לואי
ליש,ליש,ליש
לישנסקי יוסף,לישנסקי יוסף,לישנסקי יוסף
לכיש,לכיש,לכיש
למדן יצחק,למדן יצחק,למדן יצחק
למואל,למואל,למואל
למרטין,למרטין,למרטין
לסל,לסל,לסל
לסקוב חיים,לסקוב חיים,לסקוב חיים
לסקר,לסקר,לסקר
לפידות,לפידות,לפידות
לפין,לפין,לפין
לקרט,לקרט,לקרט
מאור הגולה,מאור הגולה,מאור הגולה
מאור עינים,מאור עינים,מאור עינים
מאייר מרדכי,מאיר מרדכי,מאייר מרדכי
מאנגר איציק,מאנגר איציק,מאנגר איציק
מאנה,מאנה,מאנה
מאפו,מאפו,מאפו
מבוא גילת,גילת,מבוא גילת
מבחר,מבחר,מבחר
מבטחים,מבטחים,מבטחים
מבצע קדש,מבצע קדש,מבצע קדש
מבקיעים,מבקיעים,מבקיעים
מבשר,מבשר,מבשר
מגדל,מגדל,מגדל
מגדל שרשן,מגדל שרשן,מגדל שרשן
מגידו,מגידו,מגידו
מגן אברהם,מגן אברהם,מגן אברהם
מד אנדרומדה,אנדרומדה,מד אנדרומדה
מדמון מנחם,מנחם מדמון,מדמון מנחם
מדרש פנחס,מדרש פנחס,מדרש פנחס
מדרש תנחומא,מדרש תנחומא,מדרש תנחומא
מהלל העדני,מהלל העדני,מהלל העדני
"מהר""ל","מהר""ל","מהר""ל"
"מהרש""א","מהרש""א","מהרש""א"
מודיליאני,מודיליאני,מודיליאני
מודיעין,מודיעין,מודיעין
מוהליבר,מוהליבר,מוהליבר
מוזס יהודה ונח,מוזס יהודה ונח,מוזס יהודה ונח
מויאל אהרון,מויאל אהרון,מויאל אהרון
מולדת,מולדת,מולדת
מונטיפיורי,מונטיפיורי,מונטיפיורי
מוסינזון,ו',מוסינזון
מוצא,מוצא,מוצא
מוצקין,מוצקין,מוצקין
מור,מור,מור
מורד הטיילת,מור,מורד הטיילת
מורדי הגטאות,מורדי הגטאות,מורדי הגטאות
מוריץ דניאל,מוריץ דניאל,מוריץ דניאל
מורשת,מורשת,מורשת
מושיע,מושיע,מושיע
"מזא""ה","מזא""ה","מזא""ה"
מזל דגים,מזל דגים,מזל דגים
מזל דלי,מזל דלי,מזל דלי
מזרחי,מזרחי,מזרחי
"מח""ל","מח""ל","מח""ל"
מחנה יוסף,מחנה יוסף,מחנה יוסף
מחרוזת,מחרוזת,מחרוזת
מטלון,מטלון,מטלון
מיטב,מיטב,מיטב
מייזל זלמן,מייזל זלמן,מייזל זלמן
מיכאל )נאמן(,מיכאל (נאמן),מיכאל )נאמן(
מיכאל אנג'לו,מיכאל אנג'לו,מיכאל אנג'לו
מיכה,מיכה,מיכה
מימון שלמה,מימון שלמה,מימון שלמה
מינץ בנימין,מינץ בנימין,מינץ בנימין
מיצקביץ אדם,מיצקביץ אדם,מיצקביץ אדם
מיקוניס שמואל,מיקוניס שמואל,מיקוניס שמואל
מירון,מירון,מירון
מכלל יופי,מכלל יופי,מכלל יופי
"מל""ן","מל""ן","מל""ן"
מלאכי,מלאכי,מלאכי
מלון מנדרין,,מלון מנדרין
מלכי ישראל,מלכי ישראל,מלכי ישראל
מלצ'ט,מלצ'ט,מלצ'ט
מלקוש,מלקוש,מלקוש
מנדלי מוכר ספרים,מנדלי מוכר ספרים,מנדלי מוכר ספרים
מנדלסון,מנדלסון,מנדלסון
מנדלשטם,מנדלשטם,מנדלשטם
מנוחה,מנוחה,מנוחה
מנורה,מנורה,מנורה
מנורת המאור,מנורת המאור,מנורת המאור
מניה וישראל,מניה וישראל,מניה וישראל
מנשה בן ישראל,מנשה בן ישראל,מנשה בן ישראל
מסוף ארלוזורוב,ארלוזורוב,מסוף ארלוזורוב
מסוף רדינג,רדינג,מסוף רדינג
מסילת העולים,מסילת העולים,מסילת העולים
מסילת וולפסון,מסילת וולפסון,מסילת וולפסון
מסילת ישרים,מסילת ישרים,מסילת ישרים
מעבר יבוק,,מעבר יבוק
מעון,מעון,מעון
מענית,מענית,מענית
מעפילי אגוז,מעפילי אגוז,מעפילי אגוז
מעפילי סלואדור,מעפילי סלואדור,מעפילי סלואדור
מפרץ שלמה,מפרץ שלמה,מפרץ שלמה
מצדה,מצדה,מצדה
מצובה,מצובה,מצובה
"מצודת בית""ר","מצודת בית""ר","מצודת בית""ר"
מצפה,מצפה,מצפה
מקוה ישראל,מקוה ישראל,מקוה ישראל
מקור חיים,מקור חיים,מקור חיים
מקלף מרדכי,מקלף מרדכי,מקלף מרדכי
מקס ברוד,ברוד מקס,מקס ברוד
מרגולין,מרגולין,מרגולין
מרגנית,מרגנית,מרגנית
מרדור מוניה,מרדור מוניה,מרדור מוניה
מרדכי )מוטה( גור,גור (מוטה) מרדכי,מרדכי )מוטה( גור
מרזוק ועזר,מרזוק ועזר,מרזוק ועזר
מרחביה,מרחביה,מרחביה
מרידור יעקב,מרידור יעקב,מרידור יעקב
מרים החשמונאית,מרים החשמונאית,מרים החשמונאית
מרכוס דוד,מרכוס דוד,מרכוס דוד
מרכז בעלי מלאכה,מרכז בעלי מלאכה,מרכז בעלי מלאכה
מרכז הירידים,מרכז הירידים,מרכז הירידים
מרכז רפואי סוראסק,,מרכז רפואי סוראסק
מרכלת,מרכלת,מרכלת
מרמורק,מרמורק,מרמורק
מרסל ינקו,מרסל ינקו,מרסל ינקו
משגב עם,משגב עם,משגב עם
משה בריל בר-כוכבא,בר-כוכבא משה (בריל),משה בריל בר-כוכבא
משמר הגבול,משמר הגבול,משמר הגבול
משמר הירדן,משמר הירדן,משמר הירדן
משעול יעקב,יעקב,משעול יעקב
"מתחם שטח נמל ת""א",מסילה א',"מתחם שטח נמל ת""א"
מתתיהו כהן גדול,מתתיהו כהן גדול,מתתיהו כהן גדול
נבטים,נבטים,נבטים
נג'ארה ישראל,נג'ארה ישראל,נג'ארה ישראל
נגבה,נגבה,נגבה
נדב,נדב,נדב
נהלל,נהלל,נהלל
נהרדעא,נהרדעא,נהרדעא
נוה צדק,נוה צדק,נוה צדק
נוה שאנן,נוה שאנן,נוה שאנן
נוה שלום,נוה שלום,נוה שלום
נווה צדק,נוה צדק,נווה צדק
נועם,נועם,נועם
נוריאל,נוריאל,נוריאל
נח,מנחם מדמון,נח
נחום,רבי תנחום,נחום
נחל איילון,נחל איילון,נחל איילון
נחל הבשור,נחל הבשור,נחל הבשור
נחל עוז,נחל עוז,נחל עוז
נחל שורק,נחל שורק,נחל שורק
נחלאות,נחלאות,נחלאות
נחליאל,נחליאל,נחליאל
נחלת בנימין,נחלת בנימין,נחלת בנימין
נחלת יצחק,נחלת יצחק,נחלת יצחק
נחמה,נחמה,נחמה
נחמיה,נחמיה,נחמיה
נחמן מברסלב,נחמן מברסלב,נחמן מברסלב
נחמני,נחמני,נחמני
נחשון,נחשון,נחשון
נטעים,נטעים,נטעים
נטר קרל,נטר קרל,נטר קרל
ניסנבוים,ניסנבוים,ניסנבוים
ניצנה,ניצנה,ניצנה
נירים,נירים,נירים
נמירובר,נמירובר,נמירובר
נמל יפו,נמל יפו,נמל יפו
נמל תל אביב,נמל תל אביב,נמל תל אביב
נס הרים,נס הרים,נס הרים
נס לגויים,נס לגויים,נס לגויים
נס ציונה,נס ציונה,נס ציונה
נצח ישראל,נצח ישראל,נצח ישראל
נקר מאיר,נקר מאיר,נקר מאיר
נרדור,נרדור,נרדור
נשרי צבי,נשרי צבי,נשרי צבי
נתיב המזלות,נתיב המזלות,נתיב המזלות
נתיבות,נתיבות,נתיבות
נתן,נתן,נתן
נתן החכם,נתן החכם,נתן החכם
סאמט שמעון,סאמט שמעון,סאמט שמעון
סביון,סביון,סביון
סג'רה,סג'רה,סג'רה
סהרון,סהרון,סהרון
סוטין,סוטין,סוטין
סולד הנרייטה,סולד הנרייטה,סולד הנרייטה
סומקן,סומקן,סומקן
סוסקין אברהם,סוסקין אברהם,סוסקין אברהם
סוקולוב,סוקולוב,סוקולוב
סוקרטס,סוקרטס,סוקרטס
סטימצקי,י',סטימצקי
סיוון,סיוון,סיוון
סיטי מנשיה,"ס""ה",סיטי מנשיה
סירני חיים,סירני חיים,סירני חיים
סירקין,סירקין,סירקין
סלואדור,סלואדור,סלואדור
סלומון,סלומון,סלומון
סלונימסקי,סלונימסקי,סלונימסקי
סלסלה,סלסלה,סלסלה
סלע יעקב,סלע יעקב,סלע יעקב
סלע עמנואל,סלע עמנואל,סלע עמנואל
סמ איתן,איתן,סמ איתן
סמ אסירי ציון,אסירי ציון,סמ אסירי ציון
סמ באר שבע,באר שבע,סמ באר שבע
סמ בארי,בארי,סמ בארי
סמ גולי קניה,גולי קניה,סמ גולי קניה
סמ גור אריה,גור אריה,סמ גור אריה
סמ גן מאיר,גן מאיר,סמ גן מאיר
סמ הכרמל,הכרמל,סמ הכרמל
סמ הר ציון,הר ציון,סמ הר ציון
סמ התבור,התבור,סמ התבור
סמ חכמי ישראל,חכמי ישראל,סמ חכמי ישראל
סמ כביר,כביר,סמ כביר
סמ מנדלשטם,מנדלשטם,סמ מנדלשטם
סמ מסילה א,מסילה א',סמ מסילה א
סמ משמר הירדן,משמר הירדן,סמ משמר הירדן
סמ נורדאו,נורדאו,סמ נורדאו
סמ עובד,ד',סמ עובד
סמ ענתבי,ענתבי,סמ ענתבי
"סמ ראב""ד",אב,"סמ ראב""ד"
סמ ראשית חכמה,ראשית חכמה,סמ ראשית חכמה
סמ שבזי,שבזי,סמ שבזי
סמ שלוש,שלוש,סמ שלוש
"סמ שפ""ר","יוגב כרמי ד""ר","סמ שפ""ר"
סמ שרירא,שרירא,סמ שרירא
סמבורסקי דניאל,סמבורסקי דניאל,סמבורסקי דניאל
סמדר,סמדר,סמדר
סמולנסקין,סמולנסקין,סמולנסקין
סמטה אלמונית,אלמונית,סמטה אלמונית
סמטה פלונית,פלונית,סמטה פלונית
סמילנסקי,סמילנסקי,סמילנסקי
סנה משה,סנה משה,סנה משה
סנהדרין,סנהדרין,סנהדרין
סנפיר,סנפיר,סנפיר
סנש חנה,סנש חנה,סנש חנה
סעדיה גאון,סעדיה גאון,סעדיה גאון
ספיר אליהו,ספיר אליהו,ספיר אליהו
ספיר ברוך,ספיר ברוך,ספיר ברוך
ספיר פנחס,ספיר פנחס,ספיר פנחס
סרלין יוסף,סרלין יוסף,סרלין יוסף
סשא ארגוב,ארגוב אלכסנדר (סשא),סשא ארגוב
עבאס אברהם,אב,עבאס אברהם
עבד אל-גני,עבד אל-גני,עבד אל-גני
עבודת ישראל,עבודת ישראל,עבודת ישראל
עברי,עברי,עברי
"עגנון ש""י","עגנון ש""י","עגנון ש""י"
עדולם,עדולם,עדולם
עובדיה מברטנורה,עובדיה מברטנורה,עובדיה מברטנורה
עודד,עודד,עודד
עוזר,עוזר,עוזר
עולי הגרדום,עולי הגרדום,עולי הגרדום
עולי ציון,עולי ציון,עולי ציון
עזאי,עזאי,עזאי
עזה,עזה,עזה
עזרא הסופר,עזרא הסופר,עזרא הסופר
עזריה,עזריהו שרה,עזריה
עיינות,עיינות,עיינות
עין גנים,עין גנים,עין גנים
עין דור,עין דור,עין דור
עין הקורא,עין הקורא,עין הקורא
עין ורד,עין ורד,עין ורד
עין זיתים,עין זיתים,עין זיתים
עין חרוד,עין חרוד,עין חרוד
עין יעקב,עין יעקב,עין יעקב
עיר שמש,עיר שמש,עיר שמש
עירית,עירית,עירית
על פרשת דרכים,על פרשת דרכים,על פרשת דרכים
עלומים,עלומים,עלומים
עלית הנוער,עלית הנוער,עלית הנוער
עמוס,עמוס,עמוס
עמינדב,עמינדב,עמינדב
עמיעד,עמיעד,עמיעד
עמיקם,עמיקם,עמיקם
עמישב,עמישב,עמישב
עמנואל הרומי,עמנואל הרומי,עמנואל הרומי
עמק איילון,עמק איילון,עמק איילון
עמק ברכה,עמק ברכה,עמק ברכה
עמרי,עמרי,עמרי
עמרם גאון,עמרם גאון,עמרם גאון
ענתבי,ענתבי,ענתבי
ענתות,ענתות,ענתות
עציון גבר,עציון גבר,עציון גבר
עצמון,עצמון,עצמון
עקיבא אריה,עקיבא אריה,עקיבא אריה
ערבי נחל,ערבי נחל,ערבי נחל
עשהאל,עשהאל,עשהאל
פאגלין עמיחי,פאגלין עמיחי,פאגלין עמיחי
פארק צ'ארלס קלור,צ'לנוב,פארק צ'ארלס קלור
פאת השולחן,פאת השולחן,פאת השולחן
פוזננסקי שמואל,פוזננסקי שמואל,פוזננסקי שמואל
פולד ברכה,פולד ברכה,פולד ברכה
פומבדיתא,פומבדיתא,פומבדיתא
פומרוק יוסף,פומרוק יוסף,פומרוק יוסף
פועה,פועה,פועה
פוריה,פוריה,פוריה
פושקין,פושקין,פושקין
פחד יצחק,פחד יצחק,פחד יצחק
פטרסון,פטרסון,פטרסון
פיארברג,פיארברג,פיארברג
פייבל,פייבל,פייבל
פיינשטיין,פיינשטיין מאיר,פיינשטיין
פייר מנדס פרנס,מנדס פרנס,פייר מנדס פרנס
פיכמן,פיכמן,פיכמן
פילדלפיה,פילדלפיה,פילדלפיה
פילון,פילון,פילון
פיליכובסקי,פיליכובסקי,פיליכובסקי
פין,צריפין,פין
פינלס,פינלס,פינלס
פינס,פינס,פינס
פינסקר,פינסקר,פינסקר
פיקוס,פיקוס,פיקוס
פישמן מימון,פישמן מימון,פישמן מימון
פלוגות,פלוגות,פלוגות
פלורנטין,פלורנטין,פלורנטין
פלטיאל,פלטיאל,פלטיאל
פליטי הספר,פליטי הספר,פליטי הספר
פן אלכסנדר,פן אלכסנדר,פן אלכסנדר
פנואל,פנואל,פנואל
פנחס בן יאיר,בן יאיר פנחס,פנחס בן יאיר
פנץ נתן,פנץ נתן,פנץ נתן
פנקס,פנקס דוד צבי,פנקס
פסטלוצי,פסטלוצי,פסטלוצי
פסטר,פסטר,פסטר
פסטרנק אריה,פסטרנק אריה,פסטרנק אריה
פעמוני יוסף,פעמוני יוסף,פעמוני יוסף
פעמונית,פעמונית,פעמונית
פקיעין,פקיעין,פקיעין
פראג,פראג,פראג
פראנצויז,פראנצויז,פראנצויז
פרוג,פרוג,פרוג
פרופס אהרון צבי,פרופס,פרופס אהרון צבי
פרוץ לאו,פרוץ לאו,פרוץ לאו
פרחי אביב,פרחי אביב,פרחי אביב
פרי אליעזר,פרי אליעזר,פרי אליעזר
פרי מגדים,פרי מגדים,פרי מגדים
פרי עץ חיים,פרי עץ חיים,פרי עץ חיים
פרידלנד צבי,פרידלנד צבי,פרידלנד צבי
פריש דניאל,פריש דניאל,פריש דניאל
פרישמן,פרישמן,פרישמן
פרלשטיין יצחק,פרלשטיין יצחק אדר,פרלשטיין יצחק
פרנקפורט,פרנקפורט,פרנקפורט
פרסיץ שושנה,פרסיץ שושנה,פרסיץ שושנה
פרץ י ל,פרץ י ל,פרץ י ל
פתחיה מרגנשבורג,פתחיה מרגנשבורג,פתחיה מרגנשבורג
צ'לנוב,צ'לנוב,צ'לנוב
צדוק הכהן,צדוק הכהן,צדוק הכהן
"צה""ל","צה""ל","צה""ל"
צהלון הרופא,צהלון הרופא,צהלון הרופא
צוויג סטפן,צוויג סטפן,צוויג סטפן
צונזר,צונזר,צונזר
צונץ,צונץ,צונץ
צוקרמן יצחק,צוקרמן אנטק יצחק,צוקרמן יצחק
צידון,צידון,צידון
"ציהתל""י","ציהתל""י","ציהתל""י"
צייטלין,צייטלין,צייטלין
צלילי חנינא,צלילי חנינא,צלילי חנינא
צמח דוד,צמח דוד,צמח דוד
צמחי היהודים,צמחי היהודים,צמחי היהודים
צפת,צפת,צפת
צקלג,צקלג,צקלג
צריפין,צריפין,צריפין
צרעה,צורעה,צרעה
"ק""ם","ק""ם","ק""ם"
קארו יוסף,קארו יוסף,קארו יוסף
קבוץ גלויות,קבוץ גלויות,קבוץ גלויות
קדושי השואה,קדושי השואה,קדושי השואה
קדם,קדם,קדם
קדמוני אסא,אסא קדמוני,קדמוני אסא
קדמיאל,קדמיאל,קדמיאל
קדרון,קדרון,קדרון
קדש ברנע,קדש ברנע,קדש ברנע
קהילת אודסה,קהילת אודסה,קהילת אודסה
קהילת בודפסט,קהילת בודפסט,קהילת בודפסט
קהילת ביאליסטוק,קהילת ביאלסטוק,קהילת ביאליסטוק
קהילת ונציה,קהילת ונציה,קהילת ונציה
קהילת ורשה,קהילת ורשה,קהילת ורשה
קהילת ז'יטומיר,קהילת ז'יטומיר,קהילת ז'יטומיר
קהילת זגלביה,קהילות זגלמביה,קהילת זגלביה
קהילת יאסי,קהילת יאסי,קהילת יאסי
קהילת לבוב,קהילת לבוב,קהילת לבוב
קהילת לודג',קהילת לודג',קהילת לודג'
קהילת מכסיקו,קהילת מקסיקו,קהילת מכסיקו
קהילת ניו יורק,קהילת ניו יורק,קהילת ניו יורק
קהילת סאלוניקי,קהילת סלוניקי,קהילת סאלוניקי
קהילת סופיה,קהילת סופיה,קהילת סופיה
קהילת עדן,קהילת עדן,קהילת עדן
קהילת פאדובה,קהילת פאדובה,קהילת פאדובה
קהילת פוזנא,קהילת פוזנא,קהילת פוזנא
קהילת קיוב,קהילת קייב,קהילת קיוב
קהילת קליבלנד,קהילת קליבלנד,קהילת קליבלנד
קהילת קנדה,קהילת קנדה,קהילת קנדה
קהילת ריגא,קהילת ריגה,קהילת ריגא
קובנר אבא,קובנר אבא,קובנר אבא
קויפמן יחזקאל,קויפמן יחזקאל,קויפמן יחזקאל
קול משה,קול משה,קול משה
קוממיות,קוממיות,קוממיות
קומפרט,קומפרט,קומפרט
קוסובסקי,קוסובסקי,קוסובסקי
קוץ' אדוארד,אד קוץ',קוץ' אדוארד
קורדובה,קורדובה,קורדובה
קורדובירו,קורדובירו,קורדובירו
קורולנקו,קורולנקו,קורולנקו
קורט טוכולסקי,טוכולסקי קורט,קורט טוכולסקי
קורצ'אק יאנוש,קורצ'אק יאנוש,קורצ'אק יאנוש
קורקידי,קורקידי,קורקידי
קיוסו אלברט,קיוסו אלברט,קיוסו אלברט
קיציס יוסף,קיציס יוסף,קיציס יוסף
קיש,קישון אפרים,קיש
קלוזנר,קלוזנר,קלוזנר
קלונימוס,קלונימוס,קלונימוס
קליי,קליי,קליי
קלישר,קלישר,קלישר
קלמן,קלמן,קלמן
קלצ'קין,קלצ'קין,קלצ'קין
קמואל,קמואל,קמואל
קפאח יחיה,קאפח יחיה,קפאח יחיה
קפלן,קפלן אליעזר,קפלן
קפלנסקי,קפלנסקי,קפלנסקי
קפריסין,קפריסין,קפריסין
קרוא ברוך,קרוא ברוך,קרוא ברוך
קרייתי,קרייתי,קרייתי
קרית ספר,קרית ספר,קרית ספר
קרית עתידים,"ק""ם",קרית עתידים
קרית שאול,קרית שאול,קרית שאול
קרליבך,קרליבך,קרליבך
קרמניצקי,קרמניצקי,קרמניצקי
קרן היסוד,קרן היסוד,קרן היסוד
קרן קיימת לישראל,קרן קיימת לישראל,קרן קיימת לישראל
קרני יהודה,קרני יהודה,קרני יהודה
קשאני אליעזר,קשאני אליעזר,קשאני אליעזר
"ראב""ד","ראב""ד","ראב""ד"
ראם,ראם,ראם
ראסין ז'אן,ראסין ז'אן,ראסין ז'אן
ראש פינה,ראש פינה,ראש פינה
ראשון לציון,ראשון לציון,ראשון לציון
ראשית חכמה,ראשית חכמה,ראשית חכמה
רב אלוף דוד אלעזר,אלוף,רב אלוף דוד אלעזר
רב אלוף יעקב דורי,דורי יעקב (רב אלוף),רב אלוף יעקב דורי
רב אשי,רב אשי,רב אשי
רב האי גאון,רב האי גאון,רב האי גאון
רב צעיר,רב צעיר,רב צעיר
רבי אחא,רבי אחא,רבי אחא
רבי חנינא,רבי חנינא,רבי חנינא
רבי מאיר,רבי מאיר,רבי מאיר
רבי מאיר בעל הנס,רבי מאיר בעל הנס,רבי מאיר בעל הנס
רבי נחמן,רבי נחמן,רבי נחמן
רבי עקיבא,רבי עקיבא,רבי עקיבא
רבי פנחס,רבי פנחס,רבי פנחס
רבי תנחום,רבי תנחום,רבי תנחום
רביבים,רביבים,רביבים
"רבינוביץ שפ""ר","רבינוביץ שפ""ר","רבינוביץ שפ""ר"
רבן גמליאל,רבן גמליאל,רבן גמליאל
רבנו חננאל,רבנו חננאל,רבנו חננאל
רבנו ירוחם,רבנו ירוחם,רבנו ירוחם
רבנו תם,רבנו תם,רבנו תם
רבניצקי,רבניצקי,רבניצקי
"רד""ק",ד',"רד""ק"
רדינג,רדינג,רדינג
רובין ראובן,רובין ראובן,רובין ראובן
רובין שלמה,רובין שלמה,רובין שלמה
רובינא חנה,רובינא חנה,רובינא חנה
רובינשטין,רובינשטין יצחק,רובינשטין
רודנסקי שמואל,רודנסקי שמואל,רודנסקי שמואל
רוזן פנחס,רוזן פנחס,רוזן פנחס
רוזנבאום,רוזנבאום,רוזנבאום
רוזנבלום הרצל,"רוזנבלום הרצל ד""ר",רוזנבלום הרצל
רוזנבלום יאיר,רוזנבלום יאיר,רוזנבלום יאיר
רוזנבלט צבי,רוזנבלט צבי,רוזנבלט צבי
רוזנפלד שלום,רוזנפלד שלום,רוזנפלד שלום
רוחמה,רוחמה,רוחמה
רוטנשטרייך,רוטנשטרייך,רוטנשטרייך
רוממה,רוממה,רוממה
רומנו,רומנו מרדכי,רומנו
רומנילי,רומנילי,רומנילי
רוני,רוני,רוני
רוסלאן,רוסלאן,רוסלאן
רופא המחתרות,רופא המחתרות,רופא המחתרות
רופין,רופין,רופין
רוקח שמעון,רוקח שמעון,רוקח שמעון
רות,רות,רות
רזיאל,רזיאל דוד,רזיאל
רח 1019,1019,רח 1019
רח 1062,ח',רח 1062
רח 1081,ח',רח 1081
רח 1096,ח',רח 1096
רח 1098,1098,רח 1098
רח 1103,ח',רח 1103
רח 1104,ח',רח 1104
רח 1105,ח',רח 1105
רח 1107,ח',רח 1107
רח 1108,ח',רח 1108
רח 1115,1115,רח 1115
רח 1116,1116,רח 1116
רח 1118,ח',רח 1118
רח 1174,1174,רח 1174
רח 1184,ח',רח 1184
רח 1185,ח',רח 1185
רח 1188,ח',רח 1188
רח 1206,ח',רח 1206
רח 1211,ח',רח 1211
רח 1213,ח',רח 1213
רח 1223,ח',רח 1223
רח 1243,ח',רח 1243
רח 1246,ח',רח 1246
רח 1254,ח',רח 1254
רח 1260,ח',רח 1260
רח 1265,ח',רח 1265
רח 1271,ח',רח 1271
רח 1274,1274,רח 1274
רח 1275,ח',רח 1275
רח 1276,ח',רח 1276
רח 1277,1277,רח 1277
רח 1278,ח',רח 1278
רח 1285,ח',רח 1285
רח 1302,ח',רח 1302
רח 2003,ח',רח 2003
רח 2005,ח',רח 2005
רח 2007,ח',רח 2007
רח 2040,ח',רח 2040
רח 2080,ח',רח 2080
רח 211,ח',רח 211
רח 2139,2139,רח 2139
רח 2150,ח',רח 2150
רח 2170,2170,רח 2170
רח 2184,2184,רח 2184
רח 2185,2185,רח 2185
רח 2203,ח',רח 2203
רח 2221,ח',רח 2221
רח 2222,ח',רח 2222
רח 2224,ח',רח 2224
רח 2228,2228,רח 2228
רח 2229,2229,רח 2229
רח 2232,2232,רח 2232
רח 2240,2240,רח 2240
רח 2284,ח',רח 2284
רח 2286,ח',רח 2286
רח 2287,ח',רח 2287
רח 2288,ח',רח 2288
רח 2289,ח',רח 2289
רח 2290,ח',רח 2290
רח 2291,ח',רח 2291
רח 2314,ח',רח 2314
רח 2342,ח',רח 2342
רח 2355,355,רח 2355
רח 2356,356,רח 2356
רח 2357,ח',רח 2357
רח 3040,ח',רח 3040
רח 3053,ח',רח 3053
רח 3055,ח',רח 3055
רח 3070,ח',רח 3070
רח 3071,ח',רח 3071
רח 3083,ח',רח 3083
רח 3142,3142,רח 3142
רח 3172,ח',רח 3172
רח 3175,ח',רח 3175
רח 3178,ח',רח 3178
רח 3210,ח',רח 3210
רח 3226,ח',רח 3226
רח 3241,ח',רח 3241
רח 3288,ח',רח 3288
רח 3312,ח',רח 3312
רח 3320,3320,רח 3320
רח 3321,ח',רח 3321
רח 3338,ח',רח 3338
רח 3358,ח',רח 3358
רח 3361,3361,רח 3361
רח 3377,ח',רח 3377
רח 3382,ח',רח 3382
רח 3383,ח',רח 3383
רח 3404,3404,רח 3404
רח 3406,ח',רח 3406
רח 3408,3408,רח 3408
רח 3429,429,רח 3429
רח 3431,ח',רח 3431
רח 355,355,רח 355
רח 3629,ח',רח 3629
רח 3677,ח',רח 3677
רח 3694,3694,רח 3694
רח 3732,ח',רח 3732
רח 3733,ח',רח 3733
רח 3739,ח',רח 3739
רח 3742,ח',רח 3742
רח 3750,ח',רח 3750
רח 3756,ח',רח 3756
רח 3762,ח',רח 3762
רח 3769,ח',רח 3769
רח 3771,ח',רח 3771
רח 3780,ח',רח 3780
רח 3790,ח',רח 3790
רח 3817,ח',רח 3817
רח 3831,ח',רח 3831
רח 3846,ח',רח 3846
רח 3860,ח',רח 3860
רח 3866,ח',רח 3866
רח 3882,ח',רח 3882
רח 3884,ח',רח 3884
רח 3886,ח',רח 3886
רח 3888,ח',רח 3888
רח 3920,ח',רח 3920
רח 3922,ח',רח 3922
רח 3925,ח',רח 3925
רח 3933,ח',רח 3933
רח 3938,ח',רח 3938
רח 3941,3941,רח 3941
רח 3952,ח',רח 3952
רח 4202,4202,רח 4202
רח 4206,ח',רח 4206
רח 4214,421,רח 4214
רח 4216,421,רח 4216
רח 4224,ח',רח 4224
רח 428,ח',רח 428
רח 454,ח',רח 454
רח 4850,ח',רח 4850
רח 4870,ח',רח 4870
רח 4878,ח',רח 4878
רח 4880,ח',רח 4880
רח 4891,ח',רח 4891
רח 4893,ח',רח 4893
רח 614,ח',רח 614
רח 921,ח',רח 921
רח ב כפר שלם,כפר יונה,רח ב כפר שלם
רח ט כ שלם,"תרס""ט",רח ט כ שלם
רח טז כפר שלם,כפר יונה,רח טז כפר שלם
רח יא כ שלם,"כ""ז",רח יא כ שלם
רח כ כ שלם,"כ""ג יורדי הסירה",רח כ כ שלם
רח כג כפר שלם,כפר יונה,רח כג כפר שלם
רח לא כפר שלם,כפר יונה,רח לא כפר שלם
רח לה כפר שלם,כפר יונה,רח לה כפר שלם
רח לו כפר שלם,כפר יונה,רח לו כפר שלם
רח מו כ שלם,"כ""ז",רח מו כ שלם
רח מח כ שלם,"מח""ל",רח מח כ שלם
רח נא כ שלם,"כ""ז",רח נא כ שלם
רח נד כ שלם,"כ""ז",רח נד כ שלם
רח נז כ שלם,"כ""ז",רח נז כ שלם
רח סא כ שלם,"כ""ז",רח סא כ שלם
רח סה כ שלם,"כ""ז",רח סה כ שלם
רח סו כ שלם,"כ""ז",רח סו כ שלם
רחבת אבוטבול יעקב,אבוטבול יעקב,רחבת אבוטבול יעקב
רחבת לאונרדו,נרדור,רחבת לאונרדו
רחבת מילאנו,מילאנו,רחבת מילאנו
רחבת מרטון ארנסט,מרטון ארנסט,רחבת מרטון ארנסט
רחל,רחל,רחל
רטוש יונתן,רטוש יונתן,רטוש יונתן
"ריב""ל","ריב""ל","ריב""ל"
רייך,רייך,רייך
ריינס,ריינס,ריינס
רייס רפאל,רייס רפאל,רייס רפאל
רייק חביבה,רייק חביבה,רייק חביבה
ריש גלותא,ריש גלותא,ריש גלותא
"רלב""ג","רלב""ג","רלב""ג"
"רמב""ם","רמב""ם","רמב""ם"
רמבה אייזיק,רמבה אייזיק,רמבה אייזיק
רמברנדט,רמברנדט,רמברנדט
רמה,רמה,רמה
רמז דוד,רמז דוד,רמז דוד
"רמח""ל","רמח""ל","רמח""ל"
רמת אביב החדשה,אב,רמת אביב החדשה
"רנ""ק","רנ""ק","רנ""ק"
רענן,רענן,רענן
רפידים,רפידים,רפידים
רציף הירקון,הירקון,רציף הירקון
רציף הרברט סמואל,הרברט סמואל,רציף הרברט סמואל
רקנאטי,רקנאטי ליאון,רקנאטי
"רש""י","רש""י","רש""י"
רשף,רשף,רשף
רשפים,רשפים,רשפים
ש אפקה,"ש""י",ש אפקה
ש חס כ ב ים,"ש""י",ש חס כ ב ים
ש מחל,ח',ש מחל
ש נוה צהל,"ש""י",ש נוה צהל
ש עממי שד ירושלים,ירושלים,ש עממי שד ירושלים
ש צהלה,"ש""י",ש צהלה
ש קרית שלום,"ש""י",ש קרית שלום
ש רמת אביב,אב,ש רמת אביב
ש רמת החיל,"ש""י",ש רמת החיל
"ש""בי יעקב מאור",יעקב,"ש""בי יעקב מאור"
"ש""י","ש""י","ש""י"
"ש""ץ","ש""ץ","ש""ץ"
שאר ישוב,שאר ישוב,שאר ישוב
שארית ישראל,שארית ישראל,שארית ישראל
שבזי,שבזי,שבזי
שבח,שבח,שבח
שבט,שבט,שבט
שבט בנימין,שבט בנימין,שבט בנימין
שבט יהודה,שבט,שבט יהודה
שבטי ישראל,שבטי ישראל,שבטי ישראל
שביל האטד,האטד,שביל האטד
שביל החלב,שביל החלב,שביל החלב
שביל עכו,ו',שביל עכו
שבלים,י',שבלים
שבע השקמים,שבע השקמים,שבע השקמים
שבתאי,שבתאי,שבתאי
שגב,שגב,שגב
שד בן גוריון,בן גוריון,שד בן גוריון
שד בן ציון,בן ציון,שד בן ציון
שד דוד המלך,דוד המלך,שד דוד המלך
"שד הבעש""ט","הבעש""ט","שד הבעש""ט"
שד ההשכלה,השכל,שד ההשכלה
שד הותיקים,הותיקים,שד הותיקים
"שד החי""ל","החי""ל","שד החי""ל"
שד המעפילים,המעפילים,שד המעפילים
שד הציונות,הציונות,שד הציונות
שד הר ציון,הר ציון,שד הר ציון
שד השלכת,השלכת,שד השלכת
שד ושינגטון,ושינגטון,שד ושינגטון
"שד חב""ד","חב""ד","שד חב""ד"
שד חכמי ישראל,חכמי ישראל,שד חכמי ישראל
שד יד לבנים,יד לבנים,שד יד לבנים
שד יהודית,יהודית,שד יהודית
שד ירושלים,ירושלים,שד ירושלים
שד מסריק,ד',שד מסריק
שד נורדאו,נורדאו,שד נורדאו
שד רוטשילד,רוטשילד,שד רוטשילד
שד רוקח,ד',שד רוקח
שד שאול המלך,שאול המלך,שד שאול המלך
שד ששת הימים,ששת הימים,שד ששת הימים
"שד""ל","שד""ל","שד""ל"
"שד' תרס""ט","תרס""ט","שד' תרס""ט"
שדה דב,ד',שדה דב
שדה התעופה שדה דב,גרונר דב,שדה התעופה שדה דב
"שדרות ח""ן","ח""ן","שדרות ח""ן"
שוהם מתתיהו,שוהם מתתיהו,שוהם מתתיהו
שולמית,שולמית,שולמית
שונצינו,שונצינו,שונצינו
שוקן,שוקן זלמן,שוקן
שור,שור משה פרופ',שור
שורר חיים,שורר חיים,שורר חיים
"שז""ר זלמן","שז""ר זלמן","שז""ר זלמן"
"שח""ל","שח""ל","שח""ל"
שטיבל,שטיבל,שטיבל
שטיינר,י',שטיינר
שטינשנידר,שטינשנידר,שטינשנידר
שטנד,שטנד,שטנד
שטראוס,שטראוס,שטראוס
שטרוק,שטרוק,שטרוק
שטריקר,שטריקר,שטריקר
שטרן,שטרן אברהם (יאיר),שטרן
שטרנהרץ,שטרנהרץ,שטרנהרץ
"שי""ר","שי""ר","שי""ר"
שיבת ציון,שיבת ציון,שיבת ציון
שיטרית,שיטרית בכור,שיטרית
שיינקין,י',שיינקין
שייקה דן,ד',שייקה דן
שילה,שילה,שילה
שילר,שילר שלמה,שילר
שינדלר אוסקר,שינדלר אוסקר,שינדלר אוסקר
שיפר,שיפר,שיפר
שיק,אופיר שיקה,שיק
שכ אבו כביר,אב,שכ אבו כביר
שכ גלילות,,שכ גלילות
שכ הארגזים,"כ""ה",שכ הארגזים
שכ התקווה,"כ""ה",שכ התקווה
שכ עזרא,כ',שכ עזרא
שכ שיבת ציון,שיבת ציון,שכ שיבת ציון
שכ תל ברוך,תל ברוך,שכ תל ברוך
שכ' שפירא,שפירא צבי הרמן,שכ' שפירא
"של""ג","של""ג","של""ג"
שלבים,שלבים,שלבים
שלהבית,י',שלהבית
שלוחות,שלוחות,שלוחות
שלום עליכם,שלום עליכם,שלום עליכם
שלומציון המלכה,שלומציון המלכה,שלומציון המלכה
שלונסקי,שלונסקי אברהם,שלונסקי
שלוש,שלוש,שלוש
שלמה המלך,שלמה המלך,שלמה המלך
שלמה קאשי,קאשי שלמה,שלמה קאשי
שלמון,שלמון,שלמון
שם הגדולים,שם הגדולים,שם הגדולים
שמגר,שמגר,שמגר
שמואל בן עדיה,שמואל בן עדיה,שמואל בן עדיה
שמואל הנגיד,שמואל הנגיד,שמואל הנגיד
שמואל ירחינאי,שמואל ירחינאי,שמואל ירחינאי
שמחה,שמחה,שמחה
שמעון בן עזאי,שמעון בן עזאי,שמעון בן עזאי
שמעון הצדיק,שמעון הצדיק,שמעון הצדיק
שמעון התרסי,שמעון התרסי,שמעון התרסי
שמעוני,שמעוני דוד,שמעוני
שמעיה,שמעיה,שמעיה
שמריהו לוין,לוין שמריהו,שמריהו לוין
שמרלינג,שמרלינג,שמרלינג
שמשון,שמשון הגיבור,שמשון
שניאור זלמן,שניאור זלמן,שניאור זלמן
שניצלר,שניצלר,שניצלר
שניצר שמואל,שניצר שמואל,שניצר שמואל
שנקר אריה,שנקר אריה,שנקר אריה
שער ציון,שער ציון,שער ציון
שערי ניקנור,שערי ניקנור,שערי ניקנור
שערי תשובה,שערי תשובה,שערי תשובה
שפינוזה,שפינוזה,שפינוזה
שפירא צבי,שפירא צבי הרמן,שפירא צבי
שפע טל,שפע טל,שפע טל
שפרינצק,שפרינצק,שפרינצק
שץ גגה גרשון,גרשון שץ גגה,שץ גגה גרשון
שקד,שקד,שקד
שריד,שריד,שריד
שרירא גאון,שרירא גאון,שרירא גאון
שרת משה,שרת משה,שרת משה
ששון,ששון,ששון
שתולים,שתולים,שתולים
שתי האחיות,שתי האחיות,שתי האחיות
תבואות הארץ,תבואות הארץ,תבואות הארץ
תבין אלי,תבין אלי,תבין אלי
תג'ר ציונה,תג'ר ציונה,תג'ר ציונה
תדהר דוד,תדהר דוד,תדהר דוד
תובל,תובל,תובל
תוספתא,תוספתא,תוספתא
תוצרת הארץ,תוצרת הארץ,תוצרת הארץ
תושיה,תושיה,תושיה
תות,תות,תות
תחכמוני,תחכמוני,תחכמוני
תחנה מרכזית,,תחנה מרכזית
תחנה מרכזית החדשה,,תחנה מרכזית החדשה
תל אביב - יפו,אב,תל אביב - יפו
תל ברוך,תל ברוך,תל ברוך
תל גבורים,תל גבורים,תל גבורים
תל חי,תל חי,תל חי
תל חיים,י',תל חיים
תמוז,תמוז,תמוז
תמיר שמואל,תמיר שמואל,תמיר שמואל
תמנע,תמנע,תמנע
תמריר,תמריר,תמריר
תפוח,תפוח,תפוח
תקוע,תקוע,תקוע
תרדיון,תרדיון,תרדיון
"תרמ""ב","תרמ""ב","תרמ""ב"
"תרצ""ו","תרצ""ו","תרצ""ו"
תרצה,תרצה,תרצה
"תש""ח","תש""ח","תש""ח"
תשבי,תשבי,תשבי
תשרי,תשרי,תשרי
,trechov,trechov
,החותרים,החותרים
,בגין מנחם,בגין מנחם
,שער הגיא,שער הגיא
,רוזאניס,רוזאניס
,נתיבי אילון צפון,נתיבי אילון צפון
,בית אורן,בית אורן
,אולשן יצחק,אולשן יצחק
,4155,4155
,גופר,גופר
,4827,4827
,מסקין אהרון,מסקין אהרון
,מגשימים,מגשימים
,רוזין יהושע,רוזין יהושע
,זליג,זליג
,שפיה,שפיה
,אלקחי מרדכי,אלקחי מרדכי
,"חי""ש","חי""ש"
,טאגור רבינדרנת,טאגור רבינדרנת
,ברודי חיים,ברודי חיים
,נח מרדכי עמנואל,נח מרדכי עמנואל
,אוניקובסקי פרץ,אוניקובסקי פרץ
,ארצי יצחק,ארצי יצחק
,בית חורון,בית חורון
,975,975
,קהילת בריסק,קהילת בריסק
,קהילת צ'רנוביץ,קהילת צ'רנוביץ
,סומו יהודה,סומו יהודה
,שלוש משה,שלוש משה
,רמות נפתלי,רמות נפתלי
,תירוש,תירוש
,השושנים,השושנים
,בת חן,בת חן
,נהריים,נהריים
,פרלשטיין פסיה ויעקב,פרלשטיין פסיה ויעקב
,רבדים,רבדים
,912,912
,1221,1221
,2172,2172
,2233,2233
,2188,2188
,ניסן כהן,ניסן כהן
,קרפל ליפא,קרפל ליפא
,קהילת קובנה,קהילת קובנה
,הרבסט קרול,הרבסט קרול
,מיזאן,מיזאן
,המאירי אביגדור,המאירי אביגדור
,אנכי,אנכי
,בוקשפן דוד,בוקשפן דוד
,קרויס,קרויס
,פטאי יוסף,פטאי יוסף
,טורטשינר,טורטשינר
,שבט גד,שבט גד
,שבט ראובן,שבט ראובן
,שבט אשר,שבט אשר
,שבט יוסף,שבט יוסף
,שבט יששכר,שבט יששכר
,עובדיה הנביא,עובדיה הנביא
,עין גדי,עין גדי
,זנגביל ישראל,זנגביל ישראל
,השופט נופך,השופט נופך
,חיותמן,חיותמן
,דנין יחזקאל,דנין יחזקאל
,1279,1279
,זולא אמיל,זולא אמיל
,גורדון יהודה ליב,גורדון יהודה ליב
,615,615
,"בסוק חיים מנחם ד""ר","בסוק חיים מנחם ד""ר"
,התאנה,התאנה
,"יל""ג","יל""ג"
,עם ישראל חי,עם ישראל חי
,יוסט,יוסט
,ברנשטיין כהן,ברנשטיין כהן
,לטריס,לטריס
,ליליאן,ליליאן
,אידלסון,אידלסון
,אלעזר דוד,אלעזר דוד
,קצנלסון יצחק,קצנלסון יצחק
,סטרכילביץ צבי,סטרכילביץ צבי
,קיכלר-זילברמן לנה,קיכלר-זילברמן לנה
,האחים ביילסקי,האחים ביילסקי
,שינקין מנחם,שינקין מנחם
,אנגל,אנגל
,לאן ב',לאן ב'
,אליוט ג'ורג',אליוט ג'ורג'
,מטולה,מטולה
,ויסר חנה ומרדכי,ויסר חנה ומרדכי
,כנרת,כנרת
,רבי יהודה חסיד,רבי יהודה חסיד
,"מיכ""ל","מיכ""ל"
,מיכאלס,מיכאלס
,הרב באזוב דוד,הרב באזוב דוד
,קור פאול (קורנובסקי),קור פאול (קורנובסקי)
,גנני,גנני
,שטיין,שטיין
,כפר סבא,כפר סבא
,שרעבי,שרעבי
,מולכו שלמה,מולכו שלמה
,מולכו,מולכו
,ראשונים,ראשונים
,יחיאלי,יחיאלי
,פארק המסילה,פארק המסילה
,444,444
,פוזילוב רפאל ר',פוזילוב רפאל ר'
,מרד גטו ורשה,מרד גטו ורשה
,המשור,המשור
,שמי יחיאל,שמי יחיאל
,אבן חלדון,אבן חלדון
,דיצה,דיצה
,ברנדט וילי,ברנדט וילי
,אמץ,אמץ
,"יש""ר מקנדיאה","יש""ר מקנדיאה"
,גבעת בן יהודה,גבעת בן יהודה
,בלבן מאיר,בלבן מאיר
,רויגו אברהם,רויגו אברהם
,יהושע בן פרחיה,יהושע בן פרחיה
,אבטליון,אבטליון
,רבי יוחנן,רבי יוחנן
,3350,3350
,3351,3351
,רבי אדא,רבי אדא
,3017,3017
,יוסי בן יוסי,יוסי בן יוסי
,דואר שושנה,דואר שושנה
,ארדון מרדכי,ארדון מרדכי
,הלוי משה,הלוי משה
,הלה טוני,הלה טוני
,אנדרוס,אנדרוס
,מרקיש פרץ,מרקיש פרץ
,המגן,המגן
,המבצעים,המבצעים
,שלושת החיצים,שלושת החיצים
,המצפן,המצפן
,הקרן,הקרן
,הלפיד,הלפיד
,3362,3362
,פלקירה,פלקירה
,קרשקש חסדאי,קרשקש חסדאי
,העוגב,העוגב
,מינקובסקי,מינקובסקי
,רינגלבלום,רינגלבלום
,הדגל,הדגל
,עמיר אנדה (פינקרפלד),עמיר אנדה (פינקרפלד)
,"ניל""י","ניל""י"
,סגל צבי הרמן,סגל צבי הרמן
,3838,3838
,3785,3785
,אליעזר בן הורקנוס,אליעזר בן הורקנוס
,אלעזר בן יוסי,אלעזר בן יוסי
,מזל שור,מזל שור
,מזל תאומים,מזל תאומים
,מזל טלה,מזל טלה
,מזל אריה,מזל אריה
,מזל קשת,מזל קשת
,מזל עקרב,מזל עקרב
,מזל מאזנים,מזל מאזנים
,מזל בתולה,מזל בתולה
,3389,3389
,ישראל מריז'ין,ישראל מריז'ין
,הרבי מלילוב,הרבי מלילוב
,הרבי מקוצק,הרבי מקוצק
,הרבי מקרלין,הרבי מקרלין
,3161,3161
,יסעור,יסעור
,3198,3198
,מרגוע,מרגוע
,3807,3807
,3850,3850
,עאזר אדיל,עאזר אדיל
,גברן חליל גברן,גברן חליל גברן
,הרבי מויטבסק,הרבי מויטבסק
,הרבי מקוטוב,הרבי מקוטוב
,3768,3768
,לונדון בצלאל,לונדון בצלאל
,אמונים,אמונים
,זהבי דוד,זהבי דוד
,"ולבה יואל ד""ר","ולבה יואל ד""ר"
,המפרש,המפרש
,המשוט,המשוט
,רב החובל,רב החובל
,טרומן הרי ס,טרומן הרי ס
,בית רעים,בית רעים
,צנובר,צנובר
,נסאר ג'ורג',נסאר ג'ורג'
,אזוב,אזוב
,צופית,צופית
,לוזים,לוזים
,הלענה,הלענה
,הלימון,הלימון
,עגור,עגור
,עולש,עולש
,השחף,השחף
,עבד אל ראוף אלביטאר,עבד אל ראוף אלביטאר
,חביבי אמיל,חביבי אמיל
,קיי דני (קמינסקי),קיי דני (קמינסקי)
,סייפן,סייפן
,שביב,שביב
,מחפוז נגיב,מחפוז נגיב
,ילדי טהרן,ילדי טהרן
,פופר לינקאוס יוסף,פופר לינקאוס יוסף
,באר יעקב,באר יעקב
,ישיבת וולוז'ין,ישיבת וולוז'ין
,סטרומה,סטרומה
,בית ירח,בית ירח
,מרדכי,מרדכי
,עבאס,עבאס
,סימן טוב,סימן טוב
,גלעזר אליהו,גלעזר אליהו
,בן חסד,בן חסד
,ביתוס,ביתוס
,אבימלך,אבימלך
,קיש פרדריק הרמן,קיש פרדריק הרמן
,בן דוד חיים אלוף,בן דוד חיים אלוף
,"שרמן משה ד""ר","שרמן משה ד""ר"
,רזי,רזי
,נעמן,נעמן
,שרשים,שרשים
,4825,4825
,4837,4837
,רצון,רצון
,צפריר,צפריר
,ריבולוב מנחם,ריבולוב מנחם
,צורישדי,צורישדי
,בלשן,בלשן
,גדליה,גדליה
,היימן,היימן
,דגן,דגן
,שיבולים,שיבולים
,קמה,קמה
,פיינברג יוסף,פיינברג יוסף
,צימפל קארל פרידריך,צימפל קארל פרידריך
,השלום,השלום
,ניר עם,ניר עם
,1080,1080
,זכריני,זכריני
,אבני זכרון,אבני זכרון
,דימונה,דימונה
,תעוז,תעוז
,מסלול,מסלול
,מלילות,מלילות
,פרזון,פרזון
,1179,1179
,"ס""ו","ס""ו"
,מסילה ב',מסילה ב'
,מורשת יהדות ליטא,מורשת יהדות ליטא
,נטע,נטע
,רילף יצחק,רילף יצחק
,אריסטובול,אריסטובול
,אלעזר החורני,אלעזר החורני
,אביגור,אביגור
,חבקין,חבקין
,שבט שמעון,שבט שמעון
,אריכא יוסף,אריכא יוסף
,שמיר,שמיר
,גזית,גזית
,גנתון,גנתון
,מנחם לילי,מנחם לילי
,אמנון ותמר,אמנון ותמר
,נורית,נורית
,979,979
,זרובבל יעקב,זרובבל יעקב
,שניר,שניר
,856,856
,977,977
,צ'מרינסקי ברוך,צ'מרינסקי ברוך
,מרגלית מאיר,מרגלית מאיר
,2140,2140
,יוסף האפרתי,יוסף האפרתי
,"יוצ""ר","יוצ""ר"
,האספרגוס,האספרגוס
,הדמומית,הדמומית
,הרקפת,הרקפת
,גונן,גונן
,1193,1193
,1194,1194
,יונדב,יונדב
,מאירבר,מאירבר
,גלאנץ ליב,גלאנץ ליב
,החזיון,החזיון
,כהן עופר,כהן עופר
,ליענר שלמה,ליענר שלמה
,חנאניא יעקוב ג'ורג',חנאניא יעקוב ג'ורג'
,קהילת אוסטרליה,קהילת אוסטרליה
,מנדלשטם אוסיפ,מנדלשטם אוסיפ
,שטינברג,שטינברג
,"מלבי""ם","מלבי""ם"
,1133,1133
,שלזינגר,שלזינגר
,אליאש מרים,אליאש מרים
,הפרטיזן היהודי,הפרטיזן היהודי
,הרודיון,הרודיון
,צ'רצ'יל וינסטון סר,צ'רצ'יל וינסטון סר
,1273,1273
,אלטמן אריה,אלטמן אריה
,ברגי בנימין,ברגי בנימין
,1024,1024
,מונש ג'ון סר,מונש ג'ון סר
,השנית,השנית
,3357,3357
,4834,4834
,הופנקו משה,הופנקו משה
,זרת,זרת
,4832,4832
,ישרש,ישרש
,פלג,פלג
,1121,1121
,כיסופים,כיסופים
,1237,1237
,1239,1239
,1238,1238
,רוקח ישראל,רוקח ישראל
,בר הופמן,בר הופמן
,מעוז,מעוז
,זרעים,זרעים
,ברתנא מרדכי,ברתנא מרדכי
,2008,2008
,סטארה אלברט,סטארה אלברט
,אבנר מאיר,אבנר מאיר
,אגריפס,אגריפס
,עמדן יעקב,עמדן יעקב
,החובבים,החובבים
,"נ""ס","נ""ס"
,אטאטורק כמאל מוצטפה,אטאטורק כמאל מוצטפה
,3783,3783
,3812,3812
,החיטה,החיטה
,הקיקיון,הקיקיון
,693,693
,אביצור שמואל,אביצור שמואל
,דה רוטשילד בת שבע,דה רוטשילד בת שבע
,יריחו,יריחו
,1130,1130
,668,668
,1099,1099
,1100,1100
,אלו מציאות,אלו מציאות
,ב' בנובמבר,ב' בנובמבר
,הכנסת,הכנסת
,1240,1240
,לשם,לשם
,הגינה,הגינה
,האור,האור
,443,443
,התעודה האדומה,התעודה האדומה
,טימן יעקב,טימן יעקב
,לוי שלום אהרון,לוי שלום אהרון
,מוהר יחיאל,מוהר יחיאל
,שוהם צילה,שוהם צילה
,נמרי דוידקה,נמרי דוידקה
,אליאב בנימין (לובוצקי),אליאב בנימין (לובוצקי)
,ליכטר יהושע,ליכטר יהושע
,ונטורה משה,ונטורה משה
,"ד""ר גסטר משה","ד""ר גסטר משה"
,שרעבי שלום,שרעבי שלום
,סגל ירושלים,סגל ירושלים
,בלומנפלד קורט יהודה,בלומנפלד קורט יהודה
,מילר כהן אניטה,מילר כהן אניטה
,גורלסקי ברוך,גורלסקי ברוך
,"מיכאלי יצחק ד""ר","מיכאלי יצחק ד""ר"
,שלום גרשום,שלום גרשום
,בור נילס,בור נילס
,"הופמן יעקב ד""ר","הופמן יעקב ד""ר"
,אג'ימן ישעיהו,אג'ימן ישעיהו
,סחרוב אנדרי,סחרוב אנדרי
,יששכרוב חי,יששכרוב חי
,מייטוס אליהו,מייטוס אליהו
,כץ בן-ציון,כץ בן-ציון
,חלד יוסף,חלד יוסף
,חדד סעדיא,חדד סעדיא
,חניתה,חניתה
,אנוסי משהד,אנוסי משהד
,סילמן יהודה קדיש,סילמן יהודה קדיש
,אהרון טוב משה,אהרון טוב משה
,הצפורן,הצפורן
,החרצית,החרצית
,הכלנית,הכלנית
,הנרקיס,הנרקיס
,"הרץ יוסף צבי ד""ר","הרץ יוסף צבי ד""ר"
,יעוד ודרך,יעוד ודרך
,חכם שמעון,חכם שמעון
,פילץ אריה,פילץ אריה
,בית קשת,בית קשת
,קמינסקה,קמינסקה
,3662,3662
,עטרות,עטרות
,באסולה,באסולה
,אבישי,אבישי
,הלמד הא,הלמד הא
,טובים עמנואל,טובים עמנואל
,חוני המעגל,חוני המעגל
,עזריה מן האדומים,עזריה מן האדומים
,מוסנזון בן-ציון דר',מוסנזון בן-ציון דר'
,יוחנן הגדי,יוחנן הגדי
,מטמון כהן,מטמון כהן
,גוש חלב,גוש חלב
,חולדה,חולדה
,"יהל""ל","יהל""ל"
,ברסלבי יוסף (ברסלבסקי),ברסלבי יוסף (ברסלבסקי)
,לויד ג'ורג',לויד ג'ורג'
,ביליס מנחם מנדל,ביליס מנחם מנדל
,נפחא יצחק,נפחא יצחק
,יבנאל,יבנאל
,היכל התלמוד,היכל התלמוד
,בית הבד,בית הבד
,"רשי""ף (ר' שמואל יוסף פין)","רשי""ף (ר' שמואל יוסף פין)"
,פרנקל ידידיה,פרנקל ידידיה
,סגולה,סגולה
,שמעון בן גמליאל,שמעון בן גמליאל
,הפנינים,הפנינים
,לוינסון אברהם,לוינסון אברהם
,בן צדוק אלעזר,בן צדוק אלעזר
,חנינא בן תרדיון,חנינא בן תרדיון
,סוגיהרה סמפו,סוגיהרה סמפו
,יציץ,יציץ
,בן אברהם נחמיה,בן אברהם נחמיה
,חילו יצחק,חילו יצחק
,עין גב,עין גב
,יניב,יניב
,קלמר משה,קלמר משה
,רבינא,רבינא
,זטורי משה,זטורי משה
,קיסריה,קיסריה
,2213,2213
,המשנה,המשנה
,זיקים,זיקים
,התרסי,התרסי
,פרויד,פרויד
,2131,2131
,שפירא ישראל,שפירא ישראל
,666,666
,"ל""ו","ל""ו"
,"קק""ל","קק""ל"
,9010,9010
,9012,9012
,הולכי רגל,הולכי רגל
,דריבסטור רגלי בלבד,דריבסטור רגלי בלבד
,9024,9024
,מנדלסון הינריך פרופ',מנדלסון הינריך פרופ'
,דרך לוד 2,דרך לוד 2
,טייסים,טייסים
,9041,9041
,9046,9046
,לב דיזנגוף(צפון),לב דיזנגוף(צפון)
,כיכר אתרים (רגלי),כיכר אתרים (רגלי)
,הילטון גן העצמאות,הילטון גן העצמאות
,מרכז גולדה(רגלי),מרכז גולדה(רגלי)
,נ איילון-רכבת צ,נ איילון-רכבת צ
,רגלי מעל הירקון,רגלי מעל הירקון
,פרק הירקון ציפורי,פרק הירקון ציפורי
,בבלי(עץ) על הירקון,בבלי(עץ) על הירקון
,9057,9057
,632,632
,1183,1183
,1186,1186
,"זיע""א יוסף חיים","זיע""א יוסף חיים"
,קק'ל-נתיבי-אילון,קק'ל-נתיבי-אילון
,9011,9011
,נתיבי אילון דרום,נתיבי אילון דרום
,רוקח נמיר,רוקח נמיר
,בר יהודה,בר יהודה
,9027,9027
,איילון צפון(רכבת),איילון צפון(רכבת)
,9029,9029
,9045,9045
,9059,9059
,9026,9026
,1330,1330
,818,818
,סמאטס,סמאטס
,4838,4838
,אבולעפיה רבקה ושלמה,אבולעפיה רבקה ושלמה
,1280,1280
,מזל גדי,מזל גדי
,משפחת חלפי,משפחת חלפי
,טייב יצחק,טייב יצחק
,מקראי קדש,מקראי קדש
,אנקאווא רפאל הרב,אנקאווא רפאל הרב
,ברלינר,ברלינר
,1073,1073
,הרב זעפראני שלמה,הרב זעפראני שלמה
,פינקל שמעון,פינקל שמעון
,ברנשטיין לאונרד,ברנשטיין לאונרד
,הסוכנות,הסוכנות
,"הרנ""ה","הרנ""ה"
,2217,2217
,לה גרארדיה 2,לה גרארדיה 2
,געתון,געתון
,גרופית,גרופית
,גניגר,גניגר
,2235,2235
,2234,2234
,רכטר זאב אדר',רכטר זאב אדר'
,כרמי דב,כרמי דב
,"הרה""ג יחיא מחבוב","הרה""ג יחיא מחבוב"
,1247,1247
,שירה,שירה
,מזל סרטן,מזל סרטן
,פרנקל זכריה,פרנקל זכריה
,שבט דן,שבט דן
,"ד""ר צ'רטוק שמשון","ד""ר צ'רטוק שמשון"
,ברון עקיבא,ברון עקיבא
,הנופש,הנופש
,זלדה (שניאורסון מישקובסקי),זלדה (שניאורסון מישקובסקי)
,3885,3885
,טאג'יר שמואל וסולטנה,טאג'יר שמואל וסולטנה
,קפלן יעקב הארכאולוג,קפלן יעקב הארכאולוג
,שמעון הבורסקי,שמעון הבורסקי
,4831,4831
,4830,4830
,4843,4843
,"נ""ו","נ""ו"
,חננאל אשר,חננאל אשר
,שדמי נחום,שדמי נחום
,יוספי אופירה,יוספי אופירה
,"נ""א","נ""א"
,"נ""ט","נ""ט"
,אבידן שמעון,אבידן שמעון
,דן שיקה (ישעיהו),דן שיקה (ישעיהו)
,רצאבי זכריה,רצאבי זכריה
,דוד רחל (שרעבי),דוד רחל (שרעבי)
,עדה (מימון),עדה (מימון)
,"רי""ז","רי""ז"
,"י""א","י""א"
,"י""ב","י""ב"
,"ס""ב","ס""ב"
,4859,4859
,אפשטיין יעקב,אפשטיין יעקב
,וקנין רפי,וקנין רפי
,4871,4871
,"יעקב שב""י מאור ד'ר","יעקב שב""י מאור ד'ר"
,קלין רלף,קלין רלף
,סנהדראי טובה,סנהדראי טובה
,3407,3407
,3889,3889
,ידין יוסי,ידין יוסי
,"ל""ה","ל""ה"
,הייקל יוסף דר',הייקל יוסף דר'
,ישראלי יצחק,ישראלי יצחק
,דה פיליפ אדיס (אבן זהר),דה פיליפ אדיס (אבן זהר)
,3897,3897
,פשב דימיטר,פשב דימיטר
,מלחי שמעון,מלחי שמעון
,9028,9028
,9023,9023
,קנטור,קנטור
,"אדלר יש""י וברכה","אדלר יש""י וברכה"
,4845,4845
,"י""ז","י""ז"
,צור צבי (צ'רה),צור צבי (צ'רה)
,בוסקוביץ' אלכסנדר אוריה,בוסקוביץ' אלכסנדר אוריה
,אלוני ניסים,אלוני ניסים
,דוש (קריאל גרדוש),דוש (קריאל גרדוש)
,נאמן יובל פרופסור,נאמן יובל פרופסור
,מוקדי משה,מוקדי משה
,שיק ארתור,שיק ארתור
,שויצר דוביד,שויצר דוביד
,רוטלוי דוד,רוטלוי דוד
,בן אליעזר,בן אליעזר
,מ.ברזל ת'א בני ברק איילון,מ.ברזל ת'א בני ברק איילון
,2143,2143
,יוחננוף כהן שמואל,יוחננוף כהן שמואל
,אבידן דויד,אבידן דויד
,4886,4886
,בן-סירה יעקב,בן-סירה יעקב
,"נ""ה","נ""ה"
,זעירא מרדכי,זעירא מרדכי
,משל ירוחם,משל ירוחם
,צפניה,צפניה
,איילון לכוון וולפסון,איילון לכוון וולפסון
,כ.מוולפסון לצפון6200,כ.מוולפסון לצפון6200
,ליפקין שחק- שטח הנמל,ליפקין שחק- שטח הנמל
,3875,3875
,3872,3872
,סטוצ'בסקי יהויכין,סטוצ'בסקי יהויכין
,1063,1063
,קראוס גרטרוד,קראוס גרטרוד
,3731,3731
,3929,3929
,נרדי נחום,נרדי נחום
,ברוך אדם,ברוך אדם
,מרזוק מוחמד,מרזוק מוחמד
,גלבוע אמיר,גלבוע אמיר
,אויסטרך דוד,אויסטרך דוד
,4223,4223
,הרמלין יוסף,הרמלין יוסף
,פרייגרזון צבי,פרייגרזון צבי
,3813 וולובלסקי 2,3813 וולובלסקי 2
,עמיקם אליהו (קשאק),עמיקם אליהו (קשאק)
,מודעי יצחק,מודעי יצחק
,סגל שמוליק,סגל שמוליק
,זליבנסקי דויד הלוי,זליבנסקי דויד הלוי
,"פילדרמן וילהלם ד""ר","פילדרמן וילהלם ד""ר"
,פוחובסקי(לאון)אריה ד,פוחובסקי(לאון)אריה ד
,ברוידס אברהם,ברוידס אברהם
,"ויטנברג (""לאו"")יצחק","ויטנברג (""לאו"")יצחק"
,הוד מרדכי (מוטי) האלוף,הוד מרדכי (מוטי) האלוף
,ע הלל,ע הלל
,גלבלום אריה,גלבלום אריה
,קיסרי אורי,קיסרי אורי
,עמירן עמנואל,עמירן עמנואל
,איתין אהרון,איתין אהרון
,2317,2317
,איזמוז'יק לאה ודויד,איזמוז'יק לאה ודויד
,וינשטיין נחום,וינשטיין נחום
,"פלד (רופין) רות ד""ר","פלד (רופין) רות ד""ר"
,בן-גל מיכאל האלוף,בן-גל מיכאל האלוף
,נרקיס עוזי,נרקיס עוזי
,"לוין שלום  ד""ר","לוין שלום  ד""ר"
,1135,1135
,3429,3429
,צלאן פאול,צלאן פאול
,קורין עזרא,קורין עזרא
,אצטדיון ישן,אצטדיון ישן
,2280,2280
,שרון אריה אדר,שרון אריה אדר
,1235,1235
,3777,3777
,"י""ג","י""ג"
,4826,4826
,הרב עובדיה בידאני,הרב עובדיה בידאני
,4892,4892
,קדמן גורית,קדמן גורית
,מרק יעקב,מרק יעקב
,יצחק שדה 2,יצחק שדה 2
,הלוי ז'ק,הלוי ז'ק
,לבון,לבון
,חופשי דוד,חופשי דוד
,שבע טחנות,שבע טחנות
,יריד המזרח,יריד המזרח
,"ס""א","ס""א"
,התחנה מנשיה,התחנה מנשיה
,נחום הנביא,נחום הנביא
,"מנדלשטם עמנואל ד""ר","מנדלשטם עמנואל ד""ר"
,2370,2370
,שטינמן אליעזר,שטינמן אליעזר
,זמר חנה,זמר חנה
,2362,2362
,3386,3386
,ארסטידס דה סוזה מנדס,ארסטידס דה סוזה מנדס
,טבת,טבת
,3944,3944
,2282,2282
,2381,2381
,יקינתון,יקינתון
,"אוניברסיטת ת""א","אוניברסיטת ת""א"
,3947,3947
,3946,3946
,תערוכה חדש,תערוכה חדש
,הארון אל רשיד,הארון אל רשיד
,גילוץ דבורה ומנחם,גילוץ דבורה ומנחם
,3949,3949
,3931,3931
,השוטר,השוטר
,4897,4897
,גורוכוב ידידיה אדמון,גורוכוב ידידיה אדמון
,דבלין אלפרד,דבלין אלפרד
,כהן חיים השופט,כהן חיים השופט
,כהנוב ז'קלין,כהנוב ז'קלין
,לסר אורי,לסר אורי
,וולקר,וולקר
,ואלין משה,ואלין משה
,מילוא יוסף,מילוא יוסף
,שינמן פנחס,שינמן פנחס
,הראל איסר,הראל איסר
,גורדון אורי,גורדון אורי
,שמאלי אליעזר,שמאלי אליעזר
,ספורטה רפאל,ספורטה רפאל
,אורלנד יעקב,אורלנד יעקב
,אבריאל אהוד,אבריאל אהוד
,2392,2392
,1326,1326
,1327,1327
,1328,1328
,טראב יעקב הרב,טראב יעקב הרב
,2395,2395
,9076,9076
,2397,2397
,שיח בסאם אבו זיד,שיח בסאם אבו זיד
,סתר מרדכי,סתר מרדכי
,שטרייכמן יחזקאל,שטרייכמן יחזקאל
,אלפרין חיים,אלפרין חיים
,קניוק יורם,קניוק יורם
,3930,3930
,3891,3891
,יגאל מוסינזון,יגאל מוסינזון
,לוע הארי,לוע הארי
,דמארי שושנה,דמארי שושנה
,"מוזס ולטר ד""ר","מוזס ולטר ד""ר"
,נמיר- אתרים,נמיר- אתרים
,מ.ברזל תא בני ברק רוקח,מ.ברזל תא בני ברק רוקח
,9025 מברזל,9025 מברזל
,חילו נאדיה,חילו נאדיה
,"דג'אני פואד איסמעיל ד""ר","דג'אני פואד איסמעיל ד""ר"
,יקותיאלי יוסף,יקותיאלי יוסף
,רדינג (ווקופ),רדינג (ווקופ)
,צלפחד,צלפחד
,3919,3919
,גרשוין ג'ורג,גרשוין ג'ורג
,דיק יוסף ג'ורג',דיק יוסף ג'ורג'
,2405,2405
,2406,2406
,פרידמן שרגא,פרידמן שרגא
,לוי-תנאי שרה,לוי-תנאי שרה
,1335,1335
,1336,1336
,1337,1337
,אורי אביבה,אורי אביבה
,אבנור חנה,אבנור חנה
,בוקעי יעקב סגן,בוקעי יעקב סגן
,2409,2409
,שאגאל מארק,שאגאל מארק
,שנברג ארנולד,שנברג ארנולד
,מהלר גוסטב,מהלר גוסטב
,חפץ יאשה,חפץ יאשה
,בלוך ארנסט,בלוך ארנסט
,רובינשטיין ארתור,רובינשטיין ארתור
,אופנבך ז'ק,אופנבך ז'ק
,9078,9078
,אורבוך ג'ניה,אורבוך ג'ניה
,לוין אריה הרב,לוין אריה הרב
,לביא אריק,לביא אריק
,פרנק אנה,פרנק אנה
,2410,2410
,שוסטקוביץ' דמיטרי,שוסטקוביץ' דמיטרי
,2412,2412
,"נ""ז","נ""ז"
,"נ""ח","נ""ח"
,שאקי אבנר פרופ',שאקי אבנר פרופ'
,גריפל יגאל,גריפל יגאל
,1343,1343
,2415,2415
,2416,2416
,גבע יוסף,גבע יוסף
,1345,1345
,5501,5501
,איכילוב,איכילוב
,2385,2385
,קפקא פרנץ,קפקא פרנץ
,פרת עמנואל (מנס),פרת עמנואל (מנס)
,2418,2418
,עילי,עילי
,עמר ג'ו,עמר ג'ו
,"ז""ק משה","ז""ק משה"
,4887,4887
,חודורוב יעקב,חודורוב יעקב
,3954,3954
,"גמזו חיים ד""ר","גמזו חיים ד""ר"
,2420,2420
,עובד,עובד
,דישון,דישון
,3908,3908
,3955,3955
,מוזר יעקב,מוזר יעקב
,1349,1349
,2421,2421
,עמיאל סעדיה פרופסור,עמיאל סעדיה פרופסור
,גרונדמן יעקב (יענקל'ה),גרונדמן יעקב (יענקל'ה)
,המלך אלברט,המלך אלברט
,"אברמוביץ י""מ הרב","אברמוביץ י""מ הרב"
,2424,2424
,תמיר יוסף,תמיר יוסף
,4863,4863
,3937,3937
,3413,3413
,"ט""ז","ט""ז"
,3180,3180
,1352,1352
,1351,1351
,3956,3956
,"ס""ג","ס""ג"
,"מ""א","מ""א"
,"דרך לח""י","דרך לח""י"
,ברתיני גארי,ברתיני גארי
,שמידט יוסף,שמידט יוסף
,1310,1310
,גולדשטיין גורן,גולדשטיין גורן
,מרון חנה,מרון חנה
,עוזרי אהובה,עוזרי אהובה
,3961,3961
,ההשכלה,ההשכלה
,גוטלובר,גוטלובר
,קפלן שלמה המנצח,קפלן שלמה המנצח
,בן יעקב,בן יעקב
,מנדלקרן,מנדלקרן
,שולמן קלמן,שולמן קלמן
,צויפל,צויפל
,קהילת קישינוב,קהילת קישינוב
,3887,3887
,2426,2426
,הקשתות דרך נמיר,הקשתות דרך נמיר
,9015,9015
,סטימצקי אביגדור,סטימצקי אביגדור
,1305,1305
,1339,1339
,1354,1354
,3863,3863
,3381,3381
,כהן כגן רחל,כהן כגן רחל
,4881,4881
,"כ""ד","כ""ד"
,סוסליק אריה,סוסליק אריה
,4898,4898
,ההגנה-נשרי צבי,ההגנה-נשרי צבי
,חסידי אומות עולם,חסידי אומות עולם
,2379,2379
,הניצנים,הניצנים
,הצלף,הצלף
,הצבר,הצבר
,הפרגים,הפרגים
,8101,8101
,8105,8105
,8104,8104
,"תרפ""א","תרפ""א"
,בית יצקר,בית יצקר
,8114,8114
,3966,3966
,8115,8115
,3861,3861
,8116,8116
,8117,8117
,מגד אהרן,מגד אהרן
,8118,8118
,8119,8119
,8121,8121
,8122,8122
,8123,8123
,8124,8124
,8125,8125
,8126,8126
,8127,8127
,8128,8128
,ריינהרט מקס,ריינהרט מקס
,8129,8129
,8130,8130
,8131,8131
,8132,8132
,8133,8133
,8134,8134
,8135,8135
,8136,8136
,8137,8137
,8138,8138
,8139,8139
,8141,8141
,8142,8142
,9079,9079
,8145,8145
,4833,4833
,עמיאל,עמיאל
,הרטגלס,הרטגלס
,2336,2336
,8147,8147
,8418,8418
,8149,8149
,8150,8150
,8151,8151
,8152,8152
,8153,8153
,8154,8154
,הרימון,הרימון
,8155,8155
,8156,8156
,8157,8157
,614,614
,8158,8158
,8159,8159
,8160,8160
,8161,8161
,8162,8162
,8164,8164
,8166,8166
,8167,8167
,8165,8165
,8168,8168
,8170,8170
,8171,8171
,8172,8172
,3789,3789
,8173,8173
,8169,8169
,8174,8174
,8175,8175
,8180,8180
,8181,8181
,8182,8182
,8183,8183
,8184,8184
,8185,8185
,8186,8186
,8187,8187
,8188,8188
,8189,8189
,8190,8190
,8191,8191
,יהודה הצעיר,יהודה הצעיר
,זליגמן מקס,זליגמן מקס
,8212,8212
,8214,8214
,8213,8213
,8225,8225
,8226,8226
,8227,8227
,8228,8228
,8229,8229
,8230,8230
,8178,8178
,8231,8231
,8232,8232
,8233,8233
,8237,8237
,8235,8235
,8239,8239
,8240,8240
,8241,8241
,8238,8238
,8242,8242
,8243,8243
,8245,8245
,8179,8179
,8244,8244
,8246,8246
,8247,8247
,8248,8248
,8249,8249
,8250,8250
,8251,8251
,8252,8252
,8253,8253
,8254,8254
,8255,8255
,צדוק חיים,צדוק חיים
,8256,8256
,8257,8257
,"גדנ""ע","גדנ""ע"
,ביריה,ביריה
,8259,8259
,8258,8258
,8260,8260
,1357,1357
,שטיינר יורק,שטיינר יורק
,8261,8261
,8262,8262
,1356,1356
,8263,8263
,8264,8264
,רוזוב,רוזוב
,8266,8266
,8267,8267
,8268,8268
,גולי אריתראה,גולי אריתראה
,3876,3876
,השרביט,השרביט
,ליבוביץ ישעיהו פרופ',ליבוביץ ישעיהו פרופ'
,גרציאני יצחק (זיקו),גרציאני יצחק (זיקו)
,בלאס שמחה,בלאס שמחה
,בילויה (מעוז),בילויה (מעוז)
,2364,2364
,2363,2363
,3933,3933
,3846,3846
,עזר (יבזרוב) אלכסנדר,עזר (יבזרוב) אלכסנדר
,3967,3967
,3970,3970
,4869,4869
,4870,4870
,צינה דיזנגוף,צינה דיזנגוף
,לצרוס משה,לצרוס משה
,4208,4208
,3335,3335
,לוי יוסף גונדר,לוי יוסף גונדר
,"הטיילת ע""ש שלמה להט","הטיילת ע""ש שלמה להט"
,יעקובוב אוריאל,יעקובוב אוריאל
,בנטוב מרדכי,בנטוב מרדכי
,"הרא""ש","הרא""ש"
,מאור משה,מאור משה
,3780,3780
,3952,3952
,3383,3383
,מתחם פארק החורשות,מתחם פארק החורשות
,3948,3948
,4856,4856
,בן זומא שמעון,בן זומא שמעון
,החלפנים,החלפנים
,3028,3028
,3029,3029
,זלצמן פנינה פרופ',זלצמן פנינה פרופ'
,קהילת קראקוב,קהילת קראקוב
,2440,2440
,1285,1285
,3336,3336
,3021,3021
,3175,3175
,3426,3426
,שפתי ישנים,שפתי ישנים
,3822,3822
,3832,3832
,3917,3917
,אוסישקין(ביילי)גשר ברזל,אוסישקין(ביילי)גשר ברזל
,חריפאי זהרירה,חריפאי זהרירה
,דוד שיפמן,דוד שיפמן
,8146,8146
,בוכמן שרה,בוכמן שרה
,1364,1364
,2390,2390
,2369,2369
,1118,1118
,9075,9075
,השיפון,השיפון
,צפירה ברכה,צפירה ברכה
,8140,8140
,1184,1184
,3895,3895
,עומר דבורה,עומר דבורה
,זינגר בשביס יצחק,זינגר בשביס יצחק
,2398,2398
,2411,2411
,3677,3677
,976,976
,לוין דב השופט,לוין דב השופט
,קהילת ברזיל,קהילת ברזיל
,2444,2444
,2441,2441
,2040,2040
,בתיה (לישנסקי),בתיה (לישנסקי)
,2434,2434
,5500,5500
,3965,3965
,1368,1368
,3883,3883
,רומן רולן,רומן רולן
,2456,2456
,שטרן אייזק,שטרן אייזק
,עמיחי יהודה,עמיחי יהודה
,ישורון אבות,ישורון אבות
,1369,1369
,2438,2438
,2437,2437
,2436,2436
,4884,4884
,האחים אל-כוויתי,האחים אל-כוויתי
,ברלין ישעיה סר,ברלין ישעיה סר
,אלמוג דוד,אלמוג דוד
,"פ""ד","פ""ד"
,4842,4842
,8234,8234
,דון-יחייא שבתי,דון-יחייא שבתי
,אלחנני אריה,אלחנני אריה
,2433,2433
,2430,2430
,2425,2425
,3784,3784
,לנר דן,לנר דן
,הדייגים,הדייגים
,מסריק,מסריק
,פרלוק משה,פרלוק משה
,גז    מטילדה,גז    מטילדה
,1244,1244
,ישראל טל,ישראל טל
,פברגט אנריקה,פברגט אנריקה
,חלץ,חלץ
,2169,2169
,3905,3905
,3903,3903
,1268,1268
,3629,3629
,3615,3615
,3628,3628
,עכו,עכו
,שרים אליהו הרב,שרים אליהו הרב
,ויל קורט,ויל קורט
,1362,1362
,470,470
,3969,3969
,3907,3907
